/*
SQLyog 企业版 - MySQL GUI v8.14 
MySQL - 5.1.62-community : Database - lz
*********************************************************************
*/

/*!40101 SET NAMES utf8 */;

/*!40101 SET SQL_MODE=''*/;

/*!40014 SET @OLD_UNIQUE_CHECKS=@@UNIQUE_CHECKS, UNIQUE_CHECKS=0 */;
/*!40014 SET @OLD_FOREIGN_KEY_CHECKS=@@FOREIGN_KEY_CHECKS, FOREIGN_KEY_CHECKS=0 */;
/*!40101 SET @OLD_SQL_MODE=@@SQL_MODE, SQL_MODE='NO_AUTO_VALUE_ON_ZERO' */;
/*!40111 SET @OLD_SQL_NOTES=@@SQL_NOTES, SQL_NOTES=0 */;
CREATE DATABASE /*!32312 IF NOT EXISTS*/`lz` /*!40100 DEFAULT CHARACTER SET utf8 */;

USE `lz`;

/*Table structure for table `t_excep_log` */

DROP TABLE IF EXISTS `t_excep_log`;

CREATE TABLE `t_excep_log` (
  `id` char(32) NOT NULL,
  `name` char(100) DEFAULT NULL,
  `exception_desc` char(100) DEFAULT NULL,
  `exception_business` char(100) DEFAULT NULL,
  `exception_info` varchar(5000) DEFAULT NULL,
  `create_time` char(32) DEFAULT NULL,
  `exception_target` char(100) DEFAULT NULL,
  PRIMARY KEY (`id`)
) ENGINE=InnoDB DEFAULT CHARSET=utf8;

/*Data for the table `t_excep_log` */

/*Table structure for table `t_oper_log` */

DROP TABLE IF EXISTS `t_oper_log`;

CREATE TABLE `t_oper_log` (
  `id` char(32) NOT NULL,
  `name` char(100) DEFAULT NULL,
  `log_business` char(100) DEFAULT NULL,
  `log_desc` char(100) DEFAULT NULL,
  `create_time` char(32) DEFAULT NULL,
  PRIMARY KEY (`id`)
) ENGINE=InnoDB DEFAULT CHARSET=utf8;

/*Data for the table `t_oper_log` */

insert  into `t_oper_log`(`id`,`name`,`log_business`,`log_desc`,`create_time`) values ('20160602174641079Jn76ZBf5','admin','日志管理','批量删除系统操作日志信息','2016-06-02 17:46:41'),('201606021746546479Bh0e10h','admin','日志管理','批量删除系统操作日志信息','2016-06-02 17:46:54'),('20160602174713119pjc2957o','admin','日志管理','批量删除系统操作日志信息','2016-06-02 17:47:13'),('20160602175051051DXVB6Cc1','admin','日志管理','批量删除系统操作日志信息','2016-06-02 17:50:51');

/*Table structure for table `t_param` */

DROP TABLE IF EXISTS `t_param`;

CREATE TABLE `t_param` (
  `id` char(32) NOT NULL,
  `param_key` char(32) NOT NULL,
  `param_value` char(255) NOT NULL,
  `create_time` char(32) DEFAULT NULL,
  PRIMARY KEY (`id`),
  UNIQUE KEY `param_key` (`param_key`)
) ENGINE=InnoDB DEFAULT CHARSET=utf8;

/*Data for the table `t_param` */

insert  into `t_param`(`id`,`param_key`,`param_value`,`create_time`) values ('2016051715260530456RZMv2l','noFilterUrl','/index.jsp;/loginController','2016-05-17 15:26:04'),('20160531172450285Bmu2G0vY','defaultRole','REGISTER_ROLE','2016-05-31 17:24:50');

/*Table structure for table `t_resource` */

DROP TABLE IF EXISTS `t_resource`;

CREATE TABLE `t_resource` (
  `id` char(32) NOT NULL,
  `resource_name` char(255) DEFAULT NULL,
  `resource_url` char(255) DEFAULT NULL,
  `pid` char(32) DEFAULT '0',
  `remark` char(255) DEFAULT NULL,
  `icons` char(255) DEFAULT NULL,
  `create_time` char(32) DEFAULT NULL,
  `update_time` char(32) DEFAULT NULL,
  PRIMARY KEY (`id`)
) ENGINE=InnoDB DEFAULT CHARSET=utf8;

/*Data for the table `t_resource` */

insert  into `t_resource`(`id`,`resource_name`,`resource_url`,`pid`,`remark`,`icons`,`create_time`,`update_time`) values ('20160517153008071G3u6M20O','权限管理','#','0','权限管理一级菜单','glyphicon glyphicon-plus','2016-05-17 15:30:08',NULL),('201605171530191709c8g2O59','系统管理','#','0','系统管理一级菜单','glyphicon glyphicon-plus','2016-05-17 15:30:19','2016-05-18 17:52:57'),('201605171530469947J7iP1TV','资源管理','/resourceController/resourceIndex','20160517153008071G3u6M20O','资源管理二级菜单','glyphicon glyphicon-share-alt','2016-05-17 15:30:46',NULL),('20160517153056336902Xr15B','用户管理','/userController/userIndex','20160517153008071G3u6M20O','用户管理系统二级菜单','glyphicon glyphicon-user','2016-05-17 15:30:56',NULL),('2016051715310481119qnJQ4L','角色管理','/roleController/roleIndex','20160517153008071G3u6M20O','角色管理二级菜单','glyphicon glyphicon-th','2016-05-17 15:31:04',NULL),('201605171531138142nQ01TcV','系统参数','/paramController/paramIndex','201605171530191709c8g2O59','系统参数二级菜单','glyphicon glyphicon-user','2016-05-17 15:31:13','2016-05-17 22:22:57'),('201605171531236116170u9zH','访客管理','#','201605171530191709c8g2O59','访客管理二级菜单','glyphicon glyphicon-th-large','2016-05-17 15:31:23','2016-05-27 16:24:31'),('20160517153132190Y3P10v5z','操作日志','/operLogController/operLogIndex','201605171530191709c8g2O59','操作日志','glyphicon glyphicon-th-large','2016-05-17 15:31:32','2016-06-02 13:35:52'),('20160527155037864IAL2nNe5','测试模块1','#','0','','','2016-05-27 15:50:37','2016-05-27 15:57:02'),('20160527155056957s2fTLy5i','测试模块1.1','#','20160527155037864IAL2nNe5','','','2016-05-27 15:50:56',NULL),('20160527155112228332bt609','测试模块1.2','#','20160527155037864IAL2nNe5','','','2016-05-27 15:51:12',NULL),('2016052715512479776G57qp3','测试模块1.3','#','20160527155037864IAL2nNe5','','','2016-05-27 15:51:24',NULL),('2016052715521136927u7sRuf','测试模块1.1.1','/paramController/paramIndex','20160527155056957s2fTLy5i','','','2016-05-27 15:52:11',NULL),('2016052715522471568817F39','测试模块1.1.2','/paramController/paramIndex','20160527155056957s2fTLy5i','','','2016-05-27 15:52:24',NULL),('201605271552367745D2DiR37','测试模块1.2.1','/paramController/paramIndex','20160527155112228332bt609','','','2016-05-27 15:52:36',NULL),('20160527155250495T84l9r35','测试模块1.3.1','/paramController/paramIndex','2016052715512479776G57qp3','','','2016-05-27 15:52:50',NULL),('201605311806487706rIBB65x','个人中心','#','0','个人中心一级菜单','glyphicon glyphicon-user','2016-05-31 18:06:48','2016-05-31 18:07:28'),('2016053118081576383uA4y9J','修改密码','#','201605311806487706rIBB65x','','','2016-05-31 18:08:15',NULL),('20160531180844264V4M1W57V','个人信息','#','201605311806487706rIBB65x','','','2016-05-31 18:08:44',NULL),('201605311809562776Wj5j141','操作日志','#','201605311806487706rIBB65x','','','2016-05-31 18:09:56',NULL),('20160602154939829e24ONu26','异常日志','/excepLogController/excepLogIndex','201605171530191709c8g2O59','异常日志','glyphicon glyphicon-th-large','2016-06-02 15:49:39','2016-06-02 17:13:43');

/*Table structure for table `t_role` */

DROP TABLE IF EXISTS `t_role`;

CREATE TABLE `t_role` (
  `id` char(32) NOT NULL,
  `role_name` char(255) DEFAULT NULL,
  `remark` char(255) DEFAULT NULL,
  `create_time` char(32) DEFAULT NULL,
  `update_time` char(32) DEFAULT NULL,
  `role_type` char(32) DEFAULT NULL,
  PRIMARY KEY (`id`)
) ENGINE=InnoDB DEFAULT CHARSET=utf8;

/*Data for the table `t_role` */

insert  into `t_role`(`id`,`role_name`,`remark`,`create_time`,`update_time`,`role_type`) values ('20160517152849015M282DK9p','超级管理员','管理所用的功能模块','2016-05-17 15:28:49','2016-06-01 10:37:35','ADMIN_ROLE'),('20160517152900966VkWF63rF','普通管理员','管理自己所拥有的功能模块','2016-05-17 15:29:00','2016-06-01 10:38:44','MANAGER_ROLE'),('20160517152919681dEW94785','普通用户','主要是普通注册用户所能处理的功能','2016-05-17 15:29:19','2016-06-01 10:37:53','REGISTER_ROLE'),('20160517180042536C4932M6g','会员用户','能处理额外的会员功能','2016-05-17 15:29:12','2016-06-01 10:38:29','MEMBER_ROLE');

/*Table structure for table `t_role_resource` */

DROP TABLE IF EXISTS `t_role_resource`;

CREATE TABLE `t_role_resource` (
  `id` char(32) NOT NULL,
  `resource_id` char(32) DEFAULT NULL,
  `role_id` char(32) DEFAULT NULL,
  PRIMARY KEY (`id`)
) ENGINE=InnoDB DEFAULT CHARSET=utf8;

/*Data for the table `t_role_resource` */

insert  into `t_role_resource`(`id`,`resource_id`,`role_id`) values ('2016051718005790172vLScG7','20160517153008071G3u6M20O','20160517180042536C4932M6g'),('201605171800579023OnZu7u9','201605171530469947J7iP1TV','20160517180042536C4932M6g'),('20160517180057903D65149ZZ','20160517153056336902Xr15B','20160517180042536C4932M6g'),('2016051718005790409QwcAp7','201605171530191709c8g2O59','20160517180042536C4932M6g'),('20160517180057904p29F7S82','2016051715310481119qnJQ4L','20160517180042536C4932M6g'),('20160517180057905VddC3Kvx','20160517153132190Y3P10v5z','20160517180042536C4932M6g'),('20160517211029405xfC4DnR0','20160517153008071G3u6M20O','20160517152900966VkWF63rF'),('201605172110294537z88ll1I','201605171530469947J7iP1TV','20160517152900966VkWF63rF'),('20160517211029457644MVH0o','20160517153056336902Xr15B','20160517152900966VkWF63rF'),('201605172110294577OpP8g6x','2016051715310481119qnJQ4L','20160517152900966VkWF63rF'),('2016051721102946143A492fK','201605171530191709c8g2O59','20160517152900966VkWF63rF'),('20160517211029461Sue4F2C8','201605171531138142nQ01TcV','20160517152900966VkWF63rF'),('20160517211029465ml2s8291','20160517153132190Y3P10v5z','20160517152900966VkWF63rF'),('20160517211029465ZrQL3MH2','201605171531236116170u9zH','20160517152900966VkWF63rF'),('20160531181053478c23X0yXN','20160527155037864IAL2nNe5','20160517152919681dEW94785'),('20160531181053479j9sy67v8','20160527155056957s2fTLy5i','20160517152919681dEW94785'),('201605311810534809btZ0T77','2016052715521136927u7sRuf','20160517152919681dEW94785'),('2016053118105348156j6N5DI','20160527155112228332bt609','20160517152919681dEW94785'),('20160531181053481837Gu9N5','2016052715522471568817F39','20160517152919681dEW94785'),('201605311810534821nV32lc7','201605271552367745D2DiR37','20160517152919681dEW94785'),('201605311810534822U2732sR','2016052715512479776G57qp3','20160517152919681dEW94785'),('201605311810534836zxnDQ1e','20160527155250495T84l9r35','20160517152919681dEW94785'),('20160531181053484O7Kp1hSI','201605311806487706rIBB65x','20160517152919681dEW94785'),('201605311810534854IT9QU8M','2016053118081576383uA4y9J','20160517152919681dEW94785'),('20160531181053486dLo6XS4o','20160531180844264V4M1W57V','20160517152919681dEW94785'),('2016053118105348731n4Z8C2','201605311809562776Wj5j141','20160517152919681dEW94785'),('20160602155108562057xrMre','201605171530469947J7iP1TV','20160517152849015M282DK9p'),('201606021551085621567q01u','20160517153008071G3u6M20O','20160517152849015M282DK9p'),('201606021551085639nriPb64','20160517153056336902Xr15B','20160517152849015M282DK9p'),('2016060215510856464F999y8','2016051715310481119qnJQ4L','20160517152849015M282DK9p'),('20160602155108564At2TcM96','201605171530191709c8g2O59','20160517152849015M282DK9p'),('20160602155108565zs22J026','201605171531138142nQ01TcV','20160517152849015M282DK9p'),('201606021551085665s2Qq9qr','20160517153132190Y3P10v5z','20160517152849015M282DK9p'),('2016060215510856693I2H470','201605171531236116170u9zH','20160517152849015M282DK9p'),('20160602155108567xjs86g6F','20160602154939829e24ONu26','20160517152849015M282DK9p'),('201606021551085681X2D09x8','20160527155037864IAL2nNe5','20160517152849015M282DK9p'),('20160602155108569060PoAmW','20160527155056957s2fTLy5i','20160517152849015M282DK9p'),('20160602155108570469X4r8Y','2016052715521136927u7sRuf','20160517152849015M282DK9p'),('20160602155108571Cnrm44P4','20160527155112228332bt609','20160517152849015M282DK9p'),('20160602155108571UO06OW8f','2016052715522471568817F39','20160517152849015M282DK9p'),('20160602155108572OLGgfBp4','201605271552367745D2DiR37','20160517152849015M282DK9p'),('20160602155108573048388IF','2016052715512479776G57qp3','20160517152849015M282DK9p'),('20160602155108575xj171O12','20160527155250495T84l9r35','20160517152849015M282DK9p'),('20160602155108576190JEd64','201605311806487706rIBB65x','20160517152849015M282DK9p'),('201606021551085764Zp53963','2016053118081576383uA4y9J','20160517152849015M282DK9p'),('201606021551085770564J2c5','20160531180844264V4M1W57V','20160517152849015M282DK9p'),('2016060215510857899950185','201605311809562776Wj5j141','20160517152849015M282DK9p');

/*Table structure for table `t_security` */

DROP TABLE IF EXISTS `t_security`;

CREATE TABLE `t_security` (
  `id` char(32) NOT NULL,
  `phone` char(11) DEFAULT NULL,
  `security_code` char(16) DEFAULT NULL,
  `type` char(100) DEFAULT NULL,
  `create_time` char(32) DEFAULT NULL,
  `email` char(100) DEFAULT NULL,
  PRIMARY KEY (`id`)
) ENGINE=InnoDB DEFAULT CHARSET=utf8;

/*Data for the table `t_security` */

insert  into `t_security`(`id`,`phone`,`security_code`,`type`,`create_time`,`email`) values ('20160601113633115HM6A9J4M','13333333333','943959','securityCodePhone','2016-06-01 14:49:54',NULL),('20160601150049105S90PvNlD','13333333331','130298','securityCodePhone','2016-06-01 15:14:40',NULL),('201606011502086768953eKD0','13333333332','345048','securityCodePhone','2016-06-01 15:02:08',NULL),('20160601150218608U9h56V6L','12311111111','219057','securityCodePhone','2016-06-01 15:03:26',NULL),('20160602125846892pp18Xpnn','12341111111','371997','securityCodePhone','2016-06-02 13:00:27',NULL);

/*Table structure for table `t_user` */

DROP TABLE IF EXISTS `t_user`;

CREATE TABLE `t_user` (
  `id` char(32) NOT NULL,
  `name` char(100) NOT NULL,
  `pwd` char(100) DEFAULT NULL,
  `create_time` char(32) DEFAULT NULL,
  `update_time` char(32) DEFAULT NULL,
  `phone` char(11) DEFAULT NULL,
  `email` char(100) DEFAULT NULL,
  `status` char(1) DEFAULT NULL COMMENT '0：停用，1：启用',
  PRIMARY KEY (`id`),
  UNIQUE KEY `NewIndex1` (`name`),
  KEY `NewIndex2` (`phone`)
) ENGINE=InnoDB DEFAULT CHARSET=utf8;

/*Data for the table `t_user` */

insert  into `t_user`(`id`,`name`,`pwd`,`create_time`,`update_time`,`phone`,`email`,`status`) values ('20160517152713539860D8N4Z','admin','123456','2016-05-17 15:27:13','2016-05-17 21:58:56','13146214134','','1'),('20160531175938575n8M0xy1E','laosan','laosan','2016-05-31 17:59:38',NULL,'11111111111',NULL,'1'),('20160531180432208kGNSji1q','zhangsan','123456','2016-05-31 18:04:32',NULL,'12222222222',NULL,'1'),('20160601124918893nD0zW2Es','1','123','2016-06-01 12:49:18',NULL,'13333333333',NULL,'1'),('201606011500539399Sao4r6s','123','1234','2016-06-01 15:00:53',NULL,'13333333331',NULL,'1'),('20160601150340716160695L3','124','123','2016-06-01 15:03:40',NULL,'12311111111',NULL,'1'),('2016060212585293254780YW1','测试切面','1234','2016-06-02 12:58:52',NULL,'12341111111',NULL,'1');

/*Table structure for table `t_user_role` */

DROP TABLE IF EXISTS `t_user_role`;

CREATE TABLE `t_user_role` (
  `id` char(32) NOT NULL,
  `role_id` char(32) DEFAULT NULL,
  `user_id` char(32) DEFAULT NULL,
  PRIMARY KEY (`id`)
) ENGINE=InnoDB DEFAULT CHARSET=utf8;

/*Data for the table `t_user_role` */

insert  into `t_user_role`(`id`,`role_id`,`user_id`) values ('20160517215856292N5jwL64Z','20160517152849015M282DK9p','20160517152713539860D8N4Z'),('20160531175938597Fy4O7071','20160517152919681dEW94785','20160531175938575n8M0xy1E'),('20160531180432276nW05eosm','20160517152919681dEW94785','20160531180432208kGNSji1q'),('20160601124918901Sb74HX21','20160517152919681dEW94785','20160601124918893nD0zW2Es'),('20160601150053948kf4t487D','20160517152919681dEW94785','201606011500539399Sao4r6s'),('20160601150340720SD83bZqZ','20160517152919681dEW94785','20160601150340716160695L3'),('2016060212585294114619Z45','20160517152919681dEW94785','2016060212585293254780YW1');

/*!40101 SET SQL_MODE=@OLD_SQL_MODE */;
/*!40014 SET FOREIGN_KEY_CHECKS=@OLD_FOREIGN_KEY_CHECKS */;
/*!40014 SET UNIQUE_CHECKS=@OLD_UNIQUE_CHECKS */;
/*!40111 SET SQL_NOTES=@OLD_SQL_NOTES */;
