/*
SQLyog 企业版 - MySQL GUI v8.14 
MySQL - 5.1.62-community : Database - lz
*********************************************************************
*/


/*!40101 SET NAMES utf8 */;

/*!40101 SET SQL_MODE=''*/;

/*!40014 SET @OLD_UNIQUE_CHECKS=@@UNIQUE_CHECKS, UNIQUE_CHECKS=0 */;
/*!40014 SET @OLD_FOREIGN_KEY_CHECKS=@@FOREIGN_KEY_CHECKS, FOREIGN_KEY_CHECKS=0 */;
/*!40101 SET @OLD_SQL_MODE=@@SQL_MODE, SQL_MODE='NO_AUTO_VALUE_ON_ZERO' */;
/*!40111 SET @OLD_SQL_NOTES=@@SQL_NOTES, SQL_NOTES=0 */;
CREATE DATABASE /*!32312 IF NOT EXISTS*/`lz` /*!40100 DEFAULT CHARACTER SET utf8 */;

USE `lz`;

/*Table structure for table `t_excep_log` */

DROP TABLE IF EXISTS `t_excep_log`;

CREATE TABLE `t_excep_log` (
  `id` char(32) NOT NULL,
  `name` char(100) DEFAULT NULL,
  `exception_desc` char(100) DEFAULT NULL,
  `exception_business` char(100) DEFAULT NULL,
  `exception_info` varchar(5000) DEFAULT NULL,
  `create_time` char(32) DEFAULT NULL,
  `exception_target` char(100) DEFAULT NULL,
  PRIMARY KEY (`id`)
) ENGINE=InnoDB DEFAULT CHARSET=utf8;

/*Data for the table `t_excep_log` */

insert  into `t_excep_log`(`id`,`name`,`exception_desc`,`exception_business`,`exception_info`,`create_time`,`exception_target`) values ('20160615174936314hn22F9y9','admin','添加用户信息失败','用户管理','org.springframework.dao.DuplicateKeyException: \r\n### Error updating database.  Cause: com.mysql.jdbc.exceptions.jdbc4.MySQLIntegrityConstraintViolationException: Duplicate entry \'123\' for key \'NewIndex1\'\r\n### The error may involve lz.dao.UserMapper.insertSelective-Inline\r\n### The error occurred while setting parameters\r\n### SQL: INSERT INTO t_user  (id, name, pwd, create_time, phone, email, status) VALUES (?, ?, ?, ?, ?, ?, ?)\r\n### Cause: com.mysql.jdbc.exceptions.jdbc4.MySQLIntegrityConstraintViolationException: Duplicate entry \'123\' for key \'NewIndex1\'\n; SQL []; Duplicate entry \'123\' for key \'NewIndex1\'; nested exception is com.mysql.jdbc.exceptions.jdbc4.MySQLIntegrityConstraintViolationException: Duplicate entry \'123\' for key \'NewIndex1\'','2016-06-15 17:49:36','/userController/add'),('20160615180408660r6894023','admin','修改用户信息失败','用户管理','java.lang.IndexOutOfBoundsException: Index: 0, Size: 0','2016-06-15 18:04:08','/userController/edit');

/*Table structure for table `t_oper_log` */

DROP TABLE IF EXISTS `t_oper_log`;

CREATE TABLE `t_oper_log` (
  `id` char(32) NOT NULL,
  `name` char(100) DEFAULT NULL,
  `log_business` char(100) DEFAULT NULL,
  `log_desc` char(100) DEFAULT NULL,
  `create_time` char(32) DEFAULT NULL,
  PRIMARY KEY (`id`)
) ENGINE=InnoDB DEFAULT CHARSET=utf8;

/*Data for the table `t_oper_log` */

insert  into `t_oper_log`(`id`,`name`,`log_business`,`log_desc`,`create_time`) values ('20160602174641079Jn76ZBf5','admin','日志管理','批量删除系统操作日志信息','2016-06-02 17:46:41'),('201606021746546479Bh0e10h','admin','日志管理','批量删除系统操作日志信息','2016-06-02 17:46:54'),('20160602174713119pjc2957o','admin','日志管理','批量删除系统操作日志信息','2016-06-02 17:47:13'),('20160602175051051DXVB6Cc1','admin','日志管理','批量删除系统操作日志信息','2016-06-02 17:50:51'),('2016061213025116275109944','admin','登录','登录成功','2016-06-12 13:02:51'),('20160612141336337X57K6E9C','admin','登录','登录成功','2016-06-12 14:13:36'),('20160612142915395U32V00qD','admin','登录','退出系统','2016-06-12 14:29:15'),('20160615152739136T2SUb696','admin','登录','登录成功','2016-06-15 15:27:39'),('20160615152943031M692653s','admin','登录','登录成功','2016-06-15 15:29:43'),('201606151530040642Pq884VZ','admin','资源管理','批量删除资源信息','2016-06-15 15:30:04'),('20160615153032413Dbq2L9Qu','admin','资源管理','删除资源信息','2016-06-15 15:30:32'),('20160615154304695Pv50L168','admin','登录','登录成功','2016-06-15 15:43:04'),('2016061515434626525wf2v5L','admin','资源管理','修改资源信息','2016-06-15 15:43:46'),('20160615154417523R44S5Ph6','admin','资源管理','修改资源信息','2016-06-15 15:44:17'),('201606151547305433m1P79Af','admin','登录','登录成功','2016-06-15 15:47:30'),('20160615154842080Lk3804Bk','admin','登录','登录成功','2016-06-15 15:48:42'),('20160615160213909bb8x9HIo','admin','登录','登录成功','2016-06-15 16:02:13'),('201606151602364576kb7o5ha','admin','资源管理','修改资源信息','2016-06-15 16:02:36'),('20160615160258245i8iHI44N','admin','资源管理','修改资源信息','2016-06-15 16:02:58'),('20160615160319912156jQ071','admin','资源管理','修改资源信息','2016-06-15 16:03:19'),('20160615160329548dIIaQd3i','admin','资源管理','修改资源信息','2016-06-15 16:03:29'),('2016061516370932465F2m1Rw','admin','登录','登录成功','2016-06-15 16:37:09'),('20160615170517711ZYA7e675','admin','登录','登录成功','2016-06-15 17:05:17'),('20160615170634251jxvw25Nt','admin','个人中心','修改成功','2016-06-15 17:06:34'),('20160615170646412ZpM6jw4q','admin','登录','退出系统','2016-06-15 17:06:46'),('201606151706509469A8m24Ey','admin','登录','登录成功','2016-06-15 17:06:50'),('2016061517073228004uy7zx7','admin','个人中心','修改成功','2016-06-15 17:07:32'),('2016061517115760362y6U08U','admin','登录','登录成功','2016-06-15 17:11:57'),('20160615171207112732tjG61','admin','个人中心','修改成功','2016-06-15 17:12:07'),('20160615171211370829I6476','admin','个人中心','修改成功','2016-06-15 17:12:11'),('20160615171211998tYn1m557','admin','个人中心','修改成功','2016-06-15 17:12:11'),('201606151712174722s23y92N','admin','个人中心','修改成功','2016-06-15 17:12:17'),('201606151712214991ePB85bx','admin','登录','退出系统','2016-06-15 17:12:21'),('20160615171228576859WQBwm','admin','登录','登录成功','2016-06-15 17:12:28'),('20160615171546498r778478t','admin','登录','登录成功','2016-06-15 17:15:46'),('201606151741110408933H5BO','admin','登录','登录成功','2016-06-15 17:41:11'),('20160615174406683242141F1','admin','个人中心','修改信息成功','2016-06-15 17:44:06'),('201606151744275628Tn3hKK8','admin','个人中心','修改信息成功','2016-06-15 17:44:27'),('20160615174431217VS7e06e6','admin','登录','退出系统','2016-06-15 17:44:31'),('20160615174436704rc9e5W0S','admin','登录','登录成功','2016-06-15 17:44:36'),('201606151744556666KXJyK0V','admin','个人中心','修改信息成功','2016-06-15 17:44:55'),('20160615174457181JDKc3Nos','admin','个人中心','修改信息成功','2016-06-15 17:44:57'),('2016061517450274576W12Q23','admin','个人中心','修改信息成功','2016-06-15 17:45:02'),('2016061517483060950K22B23','admin','登录','登录成功','2016-06-15 17:48:30'),('20160615174839542bOGI358N','admin','个人中心','修改信息成功','2016-06-15 17:48:39'),('20160615175405372HV6do22f','admin','登录','登录成功','2016-06-15 17:54:05'),('201606151754200661U6xB15W','admin','用户管理','添加用户信息','2016-06-15 17:54:20'),('20160615175431160cqH437wX','admin','用户管理','添加用户信息','2016-06-15 17:54:31'),('20160615175431977Np7w7TaV','admin','用户管理','添加用户信息','2016-06-15 17:54:31'),('201606151754323640mVjKP7I','admin','用户管理','添加用户信息','2016-06-15 17:54:32'),('201606151754326033X48a3de','admin','用户管理','添加用户信息','2016-06-15 17:54:32'),('201606151754413887VM3J897','admin','用户管理','添加用户信息','2016-06-15 17:54:41'),('201606151759408446E2pa9gU','admin','登录','登录成功','2016-06-15 17:59:40'),('20160615175952393w6C103W8','admin','用户管理','添加用户信息','2016-06-15 17:59:52'),('20160615175952938j184yB1f','admin','用户管理','添加用户信息','2016-06-15 17:59:52'),('201606151759531093A078bM3','admin','用户管理','添加用户信息','2016-06-15 17:59:53'),('20160615175953277LBLH6UBu','admin','用户管理','添加用户信息','2016-06-15 17:59:53'),('20160615175953473186t5300','admin','用户管理','添加用户信息','2016-06-15 17:59:53'),('20160615180000420082t3Sw2','admin','用户管理','添加用户信息','2016-06-15 18:00:00'),('20160615180000853T1D0q18z','admin','用户管理','添加用户信息','2016-06-15 18:00:00'),('20160615180001026ck7Nz27a','admin','用户管理','添加用户信息','2016-06-15 18:00:01'),('20160615180003248Xl2V8472','admin','用户管理','添加用户信息','2016-06-15 18:00:03'),('20160615180003828z720a75k','admin','用户管理','添加用户信息','2016-06-15 18:00:03'),('2016061518000399455H96QaW','admin','用户管理','添加用户信息','2016-06-15 18:00:03'),('201606151800041709553YHP2','admin','用户管理','添加用户信息','2016-06-15 18:00:04'),('20160615180004478gt6291ri','admin','用户管理','添加用户信息','2016-06-15 18:00:04'),('20160615180015053sML0244m','admin','用户管理','修改用户信息','2016-06-15 18:00:15'),('2016061518001818410a3n8Hp','admin','用户管理','修改用户信息','2016-06-15 18:00:18'),('20160615180018771I0sGT5w7','admin','用户管理','修改用户信息','2016-06-15 18:00:18'),('2016061518010304515lx14Ig','admin','用户管理','修改用户信息','2016-06-15 18:01:03'),('20160615180328853f1Y03Bbw','admin','登录','登录成功','2016-06-15 18:03:28'),('20160615180354870r74XIp2K','admin','用户管理','修改用户信息','2016-06-15 18:03:54'),('201606151805322574Z5vZ91z','admin','登录','登录成功','2016-06-15 18:05:32'),('2016061518055328911UMJy91','admin','用户管理','修改用户信息','2016-06-15 18:05:53'),('201606151814179048rcRK081','admin','登录','登录成功','2016-06-15 18:14:17'),('2016061518144466623tuJFYQ','admin','用户管理','修改用户信息','2016-06-15 18:14:44'),('20160615181513530g5y03350','admin','用户管理','修改用户信息','2016-06-15 18:15:13'),('201606151815537466971cf8F','admin','用户管理','修改用户信息','2016-06-15 18:15:53'),('201606151816044698Z591ZR3','admin','用户管理','修改用户信息','2016-06-15 18:16:04');

/*Table structure for table `t_param` */

DROP TABLE IF EXISTS `t_param`;

CREATE TABLE `t_param` (
  `id` char(32) NOT NULL,
  `param_key` char(32) NOT NULL,
  `param_value` char(255) NOT NULL,
  `create_time` char(32) DEFAULT NULL,
  PRIMARY KEY (`id`),
  UNIQUE KEY `param_key` (`param_key`)
) ENGINE=InnoDB DEFAULT CHARSET=utf8;

/*Data for the table `t_param` */

insert  into `t_param`(`id`,`param_key`,`param_value`,`create_time`) values ('2016051715260530456RZMv2l','noFilterUrl','/index.jsp;/loginController','2016-05-17 15:26:04'),('20160531172450285Bmu2G0vY','defaultRole','REGISTER_ROLE','2016-05-31 17:24:50');

/*Table structure for table `t_resource` */

DROP TABLE IF EXISTS `t_resource`;

CREATE TABLE `t_resource` (
  `id` char(32) NOT NULL,
  `resource_name` char(255) DEFAULT NULL,
  `resource_url` char(255) DEFAULT NULL,
  `pid` char(32) DEFAULT '0',
  `remark` char(255) DEFAULT NULL,
  `icons` char(255) DEFAULT NULL,
  `create_time` char(32) DEFAULT NULL,
  `update_time` char(32) DEFAULT NULL,
  PRIMARY KEY (`id`)
) ENGINE=InnoDB DEFAULT CHARSET=utf8;

/*Data for the table `t_resource` */

insert  into `t_resource`(`id`,`resource_name`,`resource_url`,`pid`,`remark`,`icons`,`create_time`,`update_time`) values ('20160517153008071G3u6M20O','权限管理','#','0','权限管理一级菜单','glyphicon glyphicon-plus','2016-05-17 15:30:08',NULL),('201605171530191709c8g2O59','系统管理','#','0','系统管理一级菜单','glyphicon glyphicon-plus','2016-05-17 15:30:19','2016-05-18 17:52:57'),('201605171530469947J7iP1TV','资源管理','/resourceController/resourceIndex','20160517153008071G3u6M20O','资源管理二级菜单','glyphicon glyphicon-share-alt','2016-05-17 15:30:46',NULL),('20160517153056336902Xr15B','用户管理','/userController/userIndex','20160517153008071G3u6M20O','用户管理系统二级菜单','glyphicon glyphicon-user','2016-05-17 15:30:56',NULL),('2016051715310481119qnJQ4L','角色管理','/roleController/roleIndex','20160517153008071G3u6M20O','角色管理二级菜单','glyphicon glyphicon-th','2016-05-17 15:31:04',NULL),('201605171531138142nQ01TcV','系统参数','/paramController/paramIndex','201605171530191709c8g2O59','系统参数二级菜单','glyphicon glyphicon-user','2016-05-17 15:31:13','2016-05-17 22:22:57'),('20160517153132190Y3P10v5z','操作日志','/operLogController/operLogIndex','201605171530191709c8g2O59','操作日志','glyphicon glyphicon-th-large','2016-05-17 15:31:32','2016-06-02 13:35:52'),('201605311806487706rIBB65x','个人中心','#','0','个人中心一级菜单','glyphicon glyphicon-user','2016-05-31 18:06:48','2016-05-31 18:07:28'),('2016053118081576383uA4y9J','修改密码','/personInfoController/setPasswordPage','201605311806487706rIBB65x','修改登录密码','glyphicon glyphicon-th-large','2016-05-31 18:08:15','2016-06-15 16:03:29'),('20160531180844264V4M1W57V','个人信息','/personInfoController/setPersonInfoPage','201605311806487706rIBB65x','修改个人信息','glyphicon glyphicon-th-large','2016-05-31 18:08:44','2016-06-15 16:03:19'),('201605311809562776Wj5j141','操作日志','/operLogController/personOperLogIndex','201605311806487706rIBB65x','个人操作日志','glyphicon glyphicon-th-large','2016-05-31 18:09:56','2016-06-15 15:44:17'),('20160602154939829e24ONu26','异常日志','/excepLogController/excepLogIndex','201605171530191709c8g2O59','异常日志','glyphicon glyphicon-th-large','2016-06-02 15:49:39','2016-06-02 17:13:43');

/*Table structure for table `t_role` */

DROP TABLE IF EXISTS `t_role`;

CREATE TABLE `t_role` (
  `id` char(32) NOT NULL,
  `role_name` char(255) DEFAULT NULL,
  `remark` char(255) DEFAULT NULL,
  `create_time` char(32) DEFAULT NULL,
  `update_time` char(32) DEFAULT NULL,
  `role_type` char(32) DEFAULT NULL,
  PRIMARY KEY (`id`)
) ENGINE=InnoDB DEFAULT CHARSET=utf8;

/*Data for the table `t_role` */

insert  into `t_role`(`id`,`role_name`,`remark`,`create_time`,`update_time`,`role_type`) values ('20160517152849015M282DK9p','超级管理员','管理所用的功能模块','2016-05-17 15:28:49','2016-06-01 10:37:35','ADMIN_ROLE'),('20160517152900966VkWF63rF','普通管理员','管理自己所拥有的功能模块','2016-05-17 15:29:00','2016-06-01 10:38:44','MANAGER_ROLE'),('20160517152919681dEW94785','普通用户','主要是普通注册用户所能处理的功能','2016-05-17 15:29:19','2016-06-01 10:37:53','REGISTER_ROLE'),('20160517180042536C4932M6g','会员用户','能处理额外的会员功能','2016-05-17 15:29:12','2016-06-01 10:38:29','MEMBER_ROLE');

/*Table structure for table `t_role_resource` */

DROP TABLE IF EXISTS `t_role_resource`;

CREATE TABLE `t_role_resource` (
  `id` char(32) NOT NULL,
  `resource_id` char(32) DEFAULT NULL,
  `role_id` char(32) DEFAULT NULL,
  PRIMARY KEY (`id`)
) ENGINE=InnoDB DEFAULT CHARSET=utf8;

/*Data for the table `t_role_resource` */

insert  into `t_role_resource`(`id`,`resource_id`,`role_id`) values ('2016051718005790172vLScG7','20160517153008071G3u6M20O','20160517180042536C4932M6g'),('201605171800579023OnZu7u9','201605171530469947J7iP1TV','20160517180042536C4932M6g'),('20160517180057903D65149ZZ','20160517153056336902Xr15B','20160517180042536C4932M6g'),('2016051718005790409QwcAp7','201605171530191709c8g2O59','20160517180042536C4932M6g'),('20160517180057904p29F7S82','2016051715310481119qnJQ4L','20160517180042536C4932M6g'),('20160517180057905VddC3Kvx','20160517153132190Y3P10v5z','20160517180042536C4932M6g'),('20160517211029405xfC4DnR0','20160517153008071G3u6M20O','20160517152900966VkWF63rF'),('201605172110294537z88ll1I','201605171530469947J7iP1TV','20160517152900966VkWF63rF'),('20160517211029457644MVH0o','20160517153056336902Xr15B','20160517152900966VkWF63rF'),('201605172110294577OpP8g6x','2016051715310481119qnJQ4L','20160517152900966VkWF63rF'),('2016051721102946143A492fK','201605171530191709c8g2O59','20160517152900966VkWF63rF'),('20160517211029461Sue4F2C8','201605171531138142nQ01TcV','20160517152900966VkWF63rF'),('20160517211029465ml2s8291','20160517153132190Y3P10v5z','20160517152900966VkWF63rF'),('20160517211029465ZrQL3MH2','201605171531236116170u9zH','20160517152900966VkWF63rF'),('20160531181053478c23X0yXN','20160527155037864IAL2nNe5','20160517152919681dEW94785'),('20160531181053479j9sy67v8','20160527155056957s2fTLy5i','20160517152919681dEW94785'),('201605311810534809btZ0T77','2016052715521136927u7sRuf','20160517152919681dEW94785'),('2016053118105348156j6N5DI','20160527155112228332bt609','20160517152919681dEW94785'),('20160531181053481837Gu9N5','2016052715522471568817F39','20160517152919681dEW94785'),('201605311810534821nV32lc7','201605271552367745D2DiR37','20160517152919681dEW94785'),('201605311810534822U2732sR','2016052715512479776G57qp3','20160517152919681dEW94785'),('201605311810534836zxnDQ1e','20160527155250495T84l9r35','20160517152919681dEW94785'),('20160531181053484O7Kp1hSI','201605311806487706rIBB65x','20160517152919681dEW94785'),('201605311810534854IT9QU8M','2016053118081576383uA4y9J','20160517152919681dEW94785'),('20160531181053486dLo6XS4o','20160531180844264V4M1W57V','20160517152919681dEW94785'),('2016053118105348731n4Z8C2','201605311809562776Wj5j141','20160517152919681dEW94785'),('20160602155108562057xrMre','201605171530469947J7iP1TV','20160517152849015M282DK9p'),('201606021551085621567q01u','20160517153008071G3u6M20O','20160517152849015M282DK9p'),('201606021551085639nriPb64','20160517153056336902Xr15B','20160517152849015M282DK9p'),('2016060215510856464F999y8','2016051715310481119qnJQ4L','20160517152849015M282DK9p'),('20160602155108564At2TcM96','201605171530191709c8g2O59','20160517152849015M282DK9p'),('20160602155108565zs22J026','201605171531138142nQ01TcV','20160517152849015M282DK9p'),('201606021551085665s2Qq9qr','20160517153132190Y3P10v5z','20160517152849015M282DK9p'),('2016060215510856693I2H470','201605171531236116170u9zH','20160517152849015M282DK9p'),('20160602155108567xjs86g6F','20160602154939829e24ONu26','20160517152849015M282DK9p'),('201606021551085681X2D09x8','20160527155037864IAL2nNe5','20160517152849015M282DK9p'),('20160602155108569060PoAmW','20160527155056957s2fTLy5i','20160517152849015M282DK9p'),('20160602155108570469X4r8Y','2016052715521136927u7sRuf','20160517152849015M282DK9p'),('20160602155108571Cnrm44P4','20160527155112228332bt609','20160517152849015M282DK9p'),('20160602155108571UO06OW8f','2016052715522471568817F39','20160517152849015M282DK9p'),('20160602155108572OLGgfBp4','201605271552367745D2DiR37','20160517152849015M282DK9p'),('20160602155108573048388IF','2016052715512479776G57qp3','20160517152849015M282DK9p'),('20160602155108575xj171O12','20160527155250495T84l9r35','20160517152849015M282DK9p'),('20160602155108576190JEd64','201605311806487706rIBB65x','20160517152849015M282DK9p'),('201606021551085764Zp53963','2016053118081576383uA4y9J','20160517152849015M282DK9p'),('201606021551085770564J2c5','20160531180844264V4M1W57V','20160517152849015M282DK9p'),('2016060215510857899950185','201605311809562776Wj5j141','20160517152849015M282DK9p');

/*Table structure for table `t_security` */

DROP TABLE IF EXISTS `t_security`;

CREATE TABLE `t_security` (
  `id` char(32) NOT NULL,
  `phone` char(11) DEFAULT NULL,
  `security_code` char(16) DEFAULT NULL,
  `type` char(100) DEFAULT NULL,
  `create_time` char(32) DEFAULT NULL,
  `email` char(100) DEFAULT NULL,
  PRIMARY KEY (`id`)
) ENGINE=InnoDB DEFAULT CHARSET=utf8;

/*Data for the table `t_security` */

insert  into `t_security`(`id`,`phone`,`security_code`,`type`,`create_time`,`email`) values ('20160601113633115HM6A9J4M','13333333333','943959','securityCodePhone','2016-06-01 14:49:54',NULL),('20160601150049105S90PvNlD','13333333331','130298','securityCodePhone','2016-06-01 15:14:40',NULL),('201606011502086768953eKD0','13333333332','345048','securityCodePhone','2016-06-01 15:02:08',NULL),('20160601150218608U9h56V6L','12311111111','219057','securityCodePhone','2016-06-01 15:03:26',NULL),('20160602125846892pp18Xpnn','12341111111','371997','securityCodePhone','2016-06-02 13:00:27',NULL);

/*Table structure for table `t_user` */

DROP TABLE IF EXISTS `t_user`;

CREATE TABLE `t_user` (
  `id` char(32) NOT NULL,
  `name` char(100) NOT NULL,
  `pwd` char(100) DEFAULT NULL,
  `create_time` char(32) DEFAULT NULL,
  `update_time` char(32) DEFAULT NULL,
  `phone` char(11) DEFAULT NULL,
  `email` char(100) DEFAULT NULL,
  `status` char(1) DEFAULT NULL COMMENT '0：停用，1：启用',
  PRIMARY KEY (`id`),
  UNIQUE KEY `NewIndex1` (`name`),
  KEY `NewIndex2` (`phone`)
) ENGINE=InnoDB DEFAULT CHARSET=utf8;

/*Data for the table `t_user` */

insert  into `t_user`(`id`,`name`,`pwd`,`create_time`,`update_time`,`phone`,`email`,`status`) values ('20160517152713539860D8N4Z','admin','123456','2016-05-17 15:27:13','2016-06-15 17:48:39','13146214134','13146214134@163.com','1'),('20160531175938575n8M0xy1E','laosan','laosan','2016-05-31 17:59:38',NULL,'11111111111',NULL,'1'),('20160531180432208kGNSji1q','zhangsan','123456','2016-05-31 18:04:32',NULL,'12222222222',NULL,'1'),('20160601124918893nD0zW2Es','1','123','2016-06-01 12:49:18',NULL,'13333333333',NULL,'1'),('201606011500539399Sao4r6s','12345','1234','2016-06-01 15:00:53','2016-06-15 18:16:04','13333333332','','1'),('20160601150340716160695L3','124','123','2016-06-01 15:03:40',NULL,'12311111111',NULL,'1'),('2016060212585293254780YW1','测试切面','1234','2016-06-02 12:58:52',NULL,'12341111111',NULL,'1'),('20160615175441338010b19H5','1234','123456','2016-06-15 17:54:41',NULL,'','','1');

/*Table structure for table `t_user_role` */

DROP TABLE IF EXISTS `t_user_role`;

CREATE TABLE `t_user_role` (
  `id` char(32) NOT NULL,
  `role_id` char(32) DEFAULT NULL,
  `user_id` char(32) DEFAULT NULL,
  PRIMARY KEY (`id`)
) ENGINE=InnoDB DEFAULT CHARSET=utf8;

/*Data for the table `t_user_role` */

insert  into `t_user_role`(`id`,`role_id`,`user_id`) values ('20160517215856292N5jwL64Z','20160517152849015M282DK9p','20160517152713539860D8N4Z'),('20160531175938597Fy4O7071','20160517152919681dEW94785','20160531175938575n8M0xy1E'),('20160531180432276nW05eosm','20160517152919681dEW94785','20160531180432208kGNSji1q'),('20160601124918901Sb74HX21','20160517152919681dEW94785','20160601124918893nD0zW2Es'),('20160601150340720SD83bZqZ','20160517152919681dEW94785','20160601150340716160695L3'),('2016060212585294114619Z45','20160517152919681dEW94785','2016060212585293254780YW1'),('20160615175441338uS49MI3b','20160517152849015M282DK9p','20160615175441338010b19H5'),('20160615181604407d1neTyO6','20160517152919681dEW94785','201606011500539399Sao4r6s');

/*!40101 SET SQL_MODE=@OLD_SQL_MODE */;
/*!40014 SET FOREIGN_KEY_CHECKS=@OLD_FOREIGN_KEY_CHECKS */;
/*!40014 SET UNIQUE_CHECKS=@OLD_UNIQUE_CHECKS */;
/*!40111 SET SQL_NOTES=@OLD_SQL_NOTES */;
