/*
SQLyog 企业版 - MySQL GUI v8.14 
MySQL - 5.1.62-community : Database - lz
*********************************************************************
*/

/*!40101 SET NAMES utf8 */;

/*!40101 SET SQL_MODE=''*/;

/*!40014 SET @OLD_UNIQUE_CHECKS=@@UNIQUE_CHECKS, UNIQUE_CHECKS=0 */;
/*!40014 SET @OLD_FOREIGN_KEY_CHECKS=@@FOREIGN_KEY_CHECKS, FOREIGN_KEY_CHECKS=0 */;
/*!40101 SET @OLD_SQL_MODE=@@SQL_MODE, SQL_MODE='NO_AUTO_VALUE_ON_ZERO' */;
/*!40111 SET @OLD_SQL_NOTES=@@SQL_NOTES, SQL_NOTES=0 */;
CREATE DATABASE /*!32312 IF NOT EXISTS*/`lz` /*!40100 DEFAULT CHARACTER SET utf8 */;

USE `lz`;

/*Table structure for table `t_param` */

DROP TABLE IF EXISTS `t_param`;

CREATE TABLE `t_param` (
  `id` char(32) NOT NULL,
  `param_key` char(32) NOT NULL,
  `param_value` char(255) NOT NULL,
  `create_time` char(32) DEFAULT NULL,
  PRIMARY KEY (`id`),
  UNIQUE KEY `param_key` (`param_key`)
) ENGINE=InnoDB DEFAULT CHARSET=utf8;

/*Data for the table `t_param` */

insert  into `t_param`(`id`,`param_key`,`param_value`,`create_time`) values ('2016051715260530456RZMv2l','noFilterUrl','/index.jsp;/loginController/loginValid;','2016-05-17 15:26:04');

/*Table structure for table `t_resource` */

DROP TABLE IF EXISTS `t_resource`;

CREATE TABLE `t_resource` (
  `id` char(32) NOT NULL,
  `resource_name` char(255) DEFAULT NULL,
  `resource_url` char(255) DEFAULT NULL,
  `pid` char(32) DEFAULT '0',
  `remark` char(255) DEFAULT NULL,
  `icons` char(255) DEFAULT NULL,
  `create_time` char(32) DEFAULT NULL,
  `update_time` char(32) DEFAULT NULL,
  PRIMARY KEY (`id`)
) ENGINE=InnoDB DEFAULT CHARSET=utf8;

/*Data for the table `t_resource` */

insert  into `t_resource`(`id`,`resource_name`,`resource_url`,`pid`,`remark`,`icons`,`create_time`,`update_time`) values ('20160517153008071G3u6M20O','权限管理','#','0','权限管理一级菜单','glyphicon glyphicon-plus','2016-05-17 15:30:08',NULL),('201605171530191709c8g2O59','系统管理','#','0','系统管理一级菜单','glyphicon glyphicon-plus','2016-05-17 15:30:19','2016-05-18 17:52:57'),('201605171530469947J7iP1TV','资源管理','/resourceController/resourceIndex','20160517153008071G3u6M20O','资源管理二级菜单','glyphicon glyphicon-share-alt','2016-05-17 15:30:46',NULL),('20160517153056336902Xr15B','用户管理','/userController/userIndex','20160517153008071G3u6M20O','用户管理系统二级菜单','glyphicon glyphicon-user','2016-05-17 15:30:56',NULL),('2016051715310481119qnJQ4L','角色管理','/roleController/roleIndex','20160517153008071G3u6M20O','角色管理二级菜单','glyphicon glyphicon-th','2016-05-17 15:31:04',NULL),('201605171531138142nQ01TcV','系统参数','/paramController/paramIndex','201605171530191709c8g2O59','系统参数二级菜单','glyphicon glyphicon-user','2016-05-17 15:31:13','2016-05-17 22:22:57'),('201605171531236116170u9zH','访客管理','#','201605171530191709c8g2O59','访客管理二级菜单','glyphicon glyphicon-th-large','2016-05-17 15:31:23','2016-05-27 16:24:31'),('20160517153132190Y3P10v5z','日志统计','#','201605171530191709c8g2O59','日志统计二级菜单','glyphicon glyphicon-th-large','2016-05-17 15:31:32','2016-05-27 16:24:39'),('20160527155037864IAL2nNe5','测试模块1','#','0','','','2016-05-27 15:50:37','2016-05-27 15:57:02'),('20160527155056957s2fTLy5i','测试模块1.1','#','20160527155037864IAL2nNe5','','','2016-05-27 15:50:56',NULL),('20160527155112228332bt609','测试模块1.2','#','20160527155037864IAL2nNe5','','','2016-05-27 15:51:12',NULL),('2016052715512479776G57qp3','测试模块1.3','#','20160527155037864IAL2nNe5','','','2016-05-27 15:51:24',NULL),('2016052715521136927u7sRuf','测试模块1.1.1','/paramController/paramIndex','20160527155056957s2fTLy5i','','','2016-05-27 15:52:11',NULL),('2016052715522471568817F39','测试模块1.1.2','/paramController/paramIndex','20160527155056957s2fTLy5i','','','2016-05-27 15:52:24',NULL),('201605271552367745D2DiR37','测试模块1.2.1','/paramController/paramIndex','20160527155112228332bt609','','','2016-05-27 15:52:36',NULL),('20160527155250495T84l9r35','测试模块1.3.1','/paramController/paramIndex','2016052715512479776G57qp3','','','2016-05-27 15:52:50',NULL);

/*Table structure for table `t_role` */

DROP TABLE IF EXISTS `t_role`;

CREATE TABLE `t_role` (
  `id` char(32) NOT NULL,
  `role_name` char(255) DEFAULT NULL,
  `remark` char(255) DEFAULT NULL,
  `create_time` char(32) DEFAULT NULL,
  `update_time` char(32) DEFAULT NULL,
  PRIMARY KEY (`id`)
) ENGINE=InnoDB DEFAULT CHARSET=utf8;

/*Data for the table `t_role` */

insert  into `t_role`(`id`,`role_name`,`remark`,`create_time`,`update_time`) values ('20160517152849015M282DK9p','超级管理员','管理所用的功能模块','2016-05-17 15:28:49',NULL),('20160517152900966VkWF63rF','普通管理员','管理自己所拥有的功能模块','2016-05-17 15:29:00',NULL),('201605171529106219M9Q6il3','审批管理员','主要负责审批相关的页面模块处理','2016-05-17 15:29:10',NULL),('20160517152919681dEW94785','普通用户','主要是普通注册用户所能处理的功能','2016-05-17 15:29:19',NULL),('20160517180042536C4932M6g','会员用户','能处理额外的会员功能',NULL,NULL);

/*Table structure for table `t_role_resource` */

DROP TABLE IF EXISTS `t_role_resource`;

CREATE TABLE `t_role_resource` (
  `id` char(32) NOT NULL,
  `resource_id` char(32) DEFAULT NULL,
  `role_id` char(32) DEFAULT NULL,
  PRIMARY KEY (`id`)
) ENGINE=InnoDB DEFAULT CHARSET=utf8;

/*Data for the table `t_role_resource` */

insert  into `t_role_resource`(`id`,`resource_id`,`role_id`) values ('2016051718005790172vLScG7','20160517153008071G3u6M20O','20160517180042536C4932M6g'),('201605171800579023OnZu7u9','201605171530469947J7iP1TV','20160517180042536C4932M6g'),('20160517180057903D65149ZZ','20160517153056336902Xr15B','20160517180042536C4932M6g'),('2016051718005790409QwcAp7','201605171530191709c8g2O59','20160517180042536C4932M6g'),('20160517180057904p29F7S82','2016051715310481119qnJQ4L','20160517180042536C4932M6g'),('20160517180057905VddC3Kvx','20160517153132190Y3P10v5z','20160517180042536C4932M6g'),('20160517211029405xfC4DnR0','20160517153008071G3u6M20O','20160517152900966VkWF63rF'),('201605172110294537z88ll1I','201605171530469947J7iP1TV','20160517152900966VkWF63rF'),('20160517211029457644MVH0o','20160517153056336902Xr15B','20160517152900966VkWF63rF'),('201605172110294577OpP8g6x','2016051715310481119qnJQ4L','20160517152900966VkWF63rF'),('2016051721102946143A492fK','201605171530191709c8g2O59','20160517152900966VkWF63rF'),('20160517211029461Sue4F2C8','201605171531138142nQ01TcV','20160517152900966VkWF63rF'),('20160517211029465ml2s8291','20160517153132190Y3P10v5z','20160517152900966VkWF63rF'),('20160517211029465ZrQL3MH2','201605171531236116170u9zH','20160517152900966VkWF63rF'),('201605172221338302qamq918','20160517153008071G3u6M20O','20160517152919681dEW94785'),('20160517222133830439890TW','201605171530469947J7iP1TV','20160517152919681dEW94785'),('201605172221338307S27kH62','201605171530191709c8g2O59','20160517152919681dEW94785'),('201605172221338349F2ZJs8r','201605171531138142nQ01TcV','20160517152919681dEW94785'),('20160527155320673P458W65J','20160517153008071G3u6M20O','20160517152849015M282DK9p'),('2016052715532067414p2V2Yf','201605171530469947J7iP1TV','20160517152849015M282DK9p'),('20160527155320674c1pk9p1X','20160517153056336902Xr15B','20160517152849015M282DK9p'),('20160527155320675035f669A','201605171530191709c8g2O59','20160517152849015M282DK9p'),('20160527155320675F6dhdqH4','2016051715310481119qnJQ4L','20160517152849015M282DK9p'),('201605271553206760TU81864','201605171531138142nQ01TcV','20160517152849015M282DK9p'),('20160527155320676K83g69wg','201605171531236116170u9zH','20160517152849015M282DK9p'),('20160527155320677Eo9d7624','20160517153132190Y3P10v5z','20160517152849015M282DK9p'),('20160527155320678s76p1fIZ','2016052618482348116jn4BZY','20160517152849015M282DK9p'),('2016052715532067960h4DP44','20160526184836262222qXcDs','20160517152849015M282DK9p'),('2016052715532068034DQ9w0f','20160526184841329fh7fYGsN','20160517152849015M282DK9p'),('20160527155320680p9306Vb6','20160527155037864IAL2nNe5','20160517152849015M282DK9p'),('2016052715532068100r7H5k6','20160527155056957s2fTLy5i','20160517152849015M282DK9p'),('2016052715532068172APzGnB','2016052715521136927u7sRuf','20160517152849015M282DK9p'),('201605271553206822S87pwI0','2016052715522471568817F39','20160517152849015M282DK9p'),('201605271553206834D4899AJ','20160527155112228332bt609','20160517152849015M282DK9p'),('201605271553206859Vd9CIjp','201605271552367745D2DiR37','20160517152849015M282DK9p'),('20160527155320685A09vsqFq','2016052715512479776G57qp3','20160517152849015M282DK9p'),('201605271553206861n556Hj8','20160527155250495T84l9r35','20160517152849015M282DK9p');

/*Table structure for table `t_user` */

DROP TABLE IF EXISTS `t_user`;

CREATE TABLE `t_user` (
  `id` char(32) NOT NULL,
  `name` char(100) NOT NULL,
  `pwd` char(100) DEFAULT NULL,
  `create_time` char(32) DEFAULT NULL,
  `update_time` char(32) DEFAULT NULL,
  `phone` char(11) DEFAULT NULL,
  `email` char(100) DEFAULT NULL,
  `status` char(1) DEFAULT NULL COMMENT '0：停用，1：启用',
  PRIMARY KEY (`id`),
  UNIQUE KEY `NewIndex1` (`name`),
  KEY `NewIndex2` (`phone`)
) ENGINE=InnoDB DEFAULT CHARSET=utf8;

/*Data for the table `t_user` */

insert  into `t_user`(`id`,`name`,`pwd`,`create_time`,`update_time`,`phone`,`email`,`status`) values ('20160517152713539860D8N4Z','admin','123456','2016-05-17 15:27:13','2016-05-17 21:58:56','13146214134','','1'),('201605172221139094F8pL6dg','老三','123456','2016-05-17 22:21:13',NULL,'','','1');

/*Table structure for table `t_user_role` */

DROP TABLE IF EXISTS `t_user_role`;

CREATE TABLE `t_user_role` (
  `id` char(32) NOT NULL,
  `role_id` char(32) DEFAULT NULL,
  `user_id` char(32) DEFAULT NULL,
  PRIMARY KEY (`id`)
) ENGINE=InnoDB DEFAULT CHARSET=utf8;

/*Data for the table `t_user_role` */

insert  into `t_user_role`(`id`,`role_id`,`user_id`) values ('20160517215856292N5jwL64Z','20160517152849015M282DK9p','20160517152713539860D8N4Z'),('20160517222113917z7N21809','20160517152919681dEW94785','201605172221139094F8pL6dg');

/*!40101 SET SQL_MODE=@OLD_SQL_MODE */;
/*!40014 SET FOREIGN_KEY_CHECKS=@OLD_FOREIGN_KEY_CHECKS */;
/*!40014 SET UNIQUE_CHECKS=@OLD_UNIQUE_CHECKS */;
/*!40111 SET SQL_NOTES=@OLD_SQL_NOTES */;
