/*
SQLyog 企业版 - MySQL GUI v8.14 
MySQL - 5.5.53-0ubuntu0.14.04.1 : Database - lz
*********************************************************************
*/

/*!40101 SET NAMES utf8 */;

/*!40101 SET SQL_MODE=''*/;

/*!40014 SET @OLD_UNIQUE_CHECKS=@@UNIQUE_CHECKS, UNIQUE_CHECKS=0 */;
/*!40014 SET @OLD_FOREIGN_KEY_CHECKS=@@FOREIGN_KEY_CHECKS, FOREIGN_KEY_CHECKS=0 */;
/*!40101 SET @OLD_SQL_MODE=@@SQL_MODE, SQL_MODE='NO_AUTO_VALUE_ON_ZERO' */;
/*!40111 SET @OLD_SQL_NOTES=@@SQL_NOTES, SQL_NOTES=0 */;
CREATE DATABASE /*!32312 IF NOT EXISTS*/`lz` /*!40100 DEFAULT CHARACTER SET utf8 */;

USE `lz`;

/*Table structure for table `t_excep_log` */

DROP TABLE IF EXISTS `t_excep_log`;

CREATE TABLE `t_excep_log` (
  `id` char(32) NOT NULL,
  `name` char(100) DEFAULT NULL,
  `exception_desc` char(100) DEFAULT NULL,
  `exception_business` char(100) DEFAULT NULL,
  `exception_info` varchar(5000) DEFAULT NULL,
  `create_time` char(32) DEFAULT NULL,
  `exception_target` char(100) DEFAULT NULL,
  PRIMARY KEY (`id`)
) ENGINE=InnoDB DEFAULT CHARSET=utf8;

/*Data for the table `t_excep_log` */

LOCK TABLES `t_excep_log` WRITE;

insert  into `t_excep_log`(`id`,`name`,`exception_desc`,`exception_business`,`exception_info`,`create_time`,`exception_target`) values ('20160615174936314hn22F9y9','admin','添加用户信息失败','用户管理','org.springframework.dao.DuplicateKeyException: \r\n### Error updating database.  Cause: com.mysql.jdbc.exceptions.jdbc4.MySQLIntegrityConstraintViolationException: Duplicate entry \'123\' for key \'NewIndex1\'\r\n### The error may involve lz.dao.UserMapper.insertSelective-Inline\r\n### The error occurred while setting parameters\r\n### SQL: INSERT INTO t_user  (id, name, pwd, create_time, phone, email, status) VALUES (?, ?, ?, ?, ?, ?, ?)\r\n### Cause: com.mysql.jdbc.exceptions.jdbc4.MySQLIntegrityConstraintViolationException: Duplicate entry \'123\' for key \'NewIndex1\'\n; SQL []; Duplicate entry \'123\' for key \'NewIndex1\'; nested exception is com.mysql.jdbc.exceptions.jdbc4.MySQLIntegrityConstraintViolationException: Duplicate entry \'123\' for key \'NewIndex1\'','2016-06-15 17:49:36','/userController/add'),('20160615180408660r6894023','admin','修改用户信息失败','用户管理','java.lang.IndexOutOfBoundsException: Index: 0, Size: 0','2016-06-15 18:04:08','/userController/edit'),('20180403225230793K9RZhH6g','admin','添加系统参数信息失败','参数管理','org.springframework.dao.DataIntegrityViolationException: \r\n### Error updating database.  Cause: com.mysql.jdbc.MysqlDataTruncation: Data truncation: Data too long for column \'param_key\' at row 1\r\n### The error may involve lz.dao.SystemParamMapper.insertSelective-Inline\r\n### The error occurred while setting parameters\r\n### SQL: INSERT INTO t_param  (id, param_key, param_value, create_time) VALUES (?, ?, ?, ?)\r\n### Cause: com.mysql.jdbc.MysqlDataTruncation: Data truncation: Data too long for column \'param_key\' at row 1\n; SQL []; Data truncation: Data too long for column \'param_key\' at row 1; nested exception is com.mysql.jdbc.MysqlDataTruncation: Data truncation: Data too long for column \'param_key\' at row 1','2018-04-03 22:52:30','/paramController/add'),('20180405235950407v3R4Z1je','admin','修改系统参数信息失败','参数管理','java.lang.NullPointerException','2018-04-05 23:59:50','/clothesManagerController/edit'),('20180910150717518N2H2SPuA','admin','添加进货管理失败','进货管理管理','org.apache.ibatis.binding.BindingException: Invalid bound statement (not found): lz.dao.YznzColthesMapper.insertSelective','2018-09-10 15:07:17','/paramController/add'),('2018091015103532061h942h1','admin','添加进货管理失败','进货管理管理','org.apache.ibatis.binding.BindingException: Invalid bound statement (not found): lz.dao.YznzColthesMapper.insertSelective','2018-09-10 15:10:35','/paramController/add'),('201809181657478810Sy79oq5','','找回密码验证验证码失败','找回密码','java.lang.NullPointerException','2018-09-18 16:57:47','/loginController/getPwdValidateSecurity'),('201809181657487239LR2Bdp1','','找回密码验证验证码失败','找回密码','java.lang.NullPointerException','2018-09-18 16:57:48','/loginController/getPwdValidateSecurity'),('20180918165748969P4C3Hc93','','找回密码验证验证码失败','找回密码','java.lang.NullPointerException','2018-09-18 16:57:48','/loginController/getPwdValidateSecurity'),('201809181657492119DoLl56M','','找回密码验证验证码失败','找回密码','java.lang.NullPointerException','2018-09-18 16:57:49','/loginController/getPwdValidateSecurity');

UNLOCK TABLES;

/*Table structure for table `t_message` */

DROP TABLE IF EXISTS `t_message`;

CREATE TABLE `t_message` (
  `id` char(32) NOT NULL,
  `message_type` char(2) DEFAULT NULL COMMENT '1-系统通知消息，2-提醒用户消息',
  `message_head` char(200) DEFAULT NULL,
  `message_content` varchar(4000) DEFAULT NULL,
  `message_status` char(2) DEFAULT NULL COMMENT '1-已经保存，2-已发布，3-已销毁',
  `created_user` char(32) DEFAULT NULL,
  `create_time` char(32) DEFAULT NULL,
  `receiver` char(32) DEFAULT NULL COMMENT '存放接受消息的人，如果为null表示发送给所有人',
  `publish_time` char(32) DEFAULT NULL,
  `destory_time` char(32) DEFAULT NULL,
  PRIMARY KEY (`id`)
) ENGINE=InnoDB DEFAULT CHARSET=utf8;

/*Data for the table `t_message` */

LOCK TABLES `t_message` WRITE;

insert  into `t_message`(`id`,`message_type`,`message_head`,`message_content`,`message_status`,`created_user`,`create_time`,`receiver`,`publish_time`,`destory_time`) values ('20160725182401194Fc7Z633S','1','好消息','周四晚上聚会，','2','admin','2016-07-25 18:24:01',NULL,'2016-07-25 18:26:46',NULL),('20160725182413400oq0ox84o','1','坏消息','老虎吃人了','2','admin','2016-07-25 18:24:13',NULL,'2016-07-25 18:26:43',NULL),('201607251824322934vjy518X','2','修改密码成功','恭喜您的密码在2016-07-25 18:24:32时间修改成功','2',NULL,'2016-07-25 18:24:32','admin','2016-07-25 18:24:32',NULL),('20180403232109672u4JE4Wl5','2','修改密码成功','恭喜您的密码在2018-04-03 23:21:09时间修改成功','2',NULL,'2018-04-03 23:21:09','admin','2018-04-03 23:21:09',NULL),('20180920114716053d43I3qag','2','修改密码成功','恭喜您的密码在2018-09-20 11:47:16时间修改成功','2',NULL,'2018-09-20 11:47:16','lzb','2018-09-20 11:47:16',NULL);

UNLOCK TABLES;

/*Table structure for table `t_message_user` */

DROP TABLE IF EXISTS `t_message_user`;

CREATE TABLE `t_message_user` (
  `id` char(32) NOT NULL,
  `user_id` char(32) DEFAULT NULL,
  `message_id` char(32) DEFAULT NULL,
  `message_type` char(2) DEFAULT NULL COMMENT '0,未读，1，已读',
  PRIMARY KEY (`id`)
) ENGINE=InnoDB DEFAULT CHARSET=utf8;

/*Data for the table `t_message_user` */

LOCK TABLES `t_message_user` WRITE;

insert  into `t_message_user`(`id`,`user_id`,`message_id`,`message_type`) values ('201607251824324020wu050i7','20160517152713539860D8N4Z','201607251824322934vjy518X','0'),('20160725182643324Ff4t0c7a','20160517152713539860D8N4Z','20160725182413400oq0ox84o','1'),('2016072518264334229x6607E','20160623170019926sN7871m2','20160725182413400oq0ox84o','0'),('20160725182646676368131o4','20160517152713539860D8N4Z','20160725182401194Fc7Z633S','1'),('20160725182646707r7G12Yi4','20160623170019926sN7871m2','20160725182401194Fc7Z633S','1'),('2018040323210973829qi4C22','20160517152713539860D8N4Z','20180403232109672u4JE4Wl5','1'),('20180920114716067Y49w7xR6','201809190949496501G851a9i','20180920114716053d43I3qag','1');

UNLOCK TABLES;

/*Table structure for table `t_oper_log` */

DROP TABLE IF EXISTS `t_oper_log`;

CREATE TABLE `t_oper_log` (
  `id` char(32) NOT NULL,
  `name` char(100) DEFAULT NULL,
  `log_business` char(100) DEFAULT NULL,
  `log_desc` char(100) DEFAULT NULL,
  `create_time` char(32) DEFAULT NULL,
  `oper_ip` char(100) DEFAULT NULL,
  PRIMARY KEY (`id`)
) ENGINE=InnoDB DEFAULT CHARSET=utf8;

/*Data for the table `t_oper_log` */

LOCK TABLES `t_oper_log` WRITE;

insert  into `t_oper_log`(`id`,`name`,`log_business`,`log_desc`,`create_time`,`oper_ip`) values ('2016080410451902684K1kG0q','admin','操作日志','批量删除系统操作日志信息','2016-08-04 10:45:19','客户端ip：0:0:0:0:0:0:0:1---服务端ip：0:0:0:0:0:0:0:1'),('2016080410460822594y4F0d4','admin','用户管理','删除用户信息','2016-08-04 10:46:08','客户端ip：0:0:0:0:0:0:0:1---服务端ip：0:0:0:0:0:0:0:1'),('20160804110210905PZ605BMu','admin','登录','登录成功','2016-08-04 11:02:10','客户端ip：0:0:0:0:0:0:0:1---服务端ip：0:0:0:0:0:0:0:1'),('2016080411025367882p86NbY','admin','资源管理','保存资源信息','2016-08-04 11:02:53','客户端ip：0:0:0:0:0:0:0:1---服务端ip：0:0:0:0:0:0:0:1'),('20160804110426677L0EF4jv9','admin','角色管理','角色授权','2016-08-04 11:04:26','客户端ip：0:0:0:0:0:0:0:1---服务端ip：0:0:0:0:0:0:0:1'),('2018031611002292971SBA8Vv','admin','登录','登录成功','2018-03-16 11:00:23','客户端ip：0:0:0:0:0:0:0:1---服务端ip：0:0:0:0:0:0:0:1'),('20180316112526724313en7Ye','admin','登录','登录成功','2018-03-16 11:25:26','客户端ip：0:0:0:0:0:0:0:1---服务端ip：0:0:0:0:0:0:0:1'),('20180316121236440D470i86j','admin','登录','登录成功','2018-03-16 12:12:36','客户端ip：0:0:0:0:0:0:0:1---服务端ip：0:0:0:0:0:0:0:1'),('20180316121319918k9z0868H','1','登录','登录成功','2018-03-16 12:13:19','客户端ip：0:0:0:0:0:0:0:1---服务端ip：0:0:0:0:0:0:0:1'),('2018031612132575236U7364F','admin','登录','登录成功','2018-03-16 12:13:25','客户端ip：0:0:0:0:0:0:0:1---服务端ip：0:0:0:0:0:0:0:1'),('20180316121328551m2Yy8lh9','admin','登录','登录成功','2018-03-16 12:13:28','客户端ip：0:0:0:0:0:0:0:1---服务端ip：0:0:0:0:0:0:0:1'),('20180316121335229XF3412k9','admin','登录','登录成功','2018-03-16 12:13:35','客户端ip：0:0:0:0:0:0:0:1---服务端ip：0:0:0:0:0:0:0:1'),('20180316165033693EqHN2Av3','admin','登录','登录成功','2018-03-16 16:50:33','客户端ip：0:0:0:0:0:0:0:1---服务端ip：0:0:0:0:0:0:0:1'),('201803251356261558jWd99M2','admin','登录','登录成功','2018-03-25 13:56:26','客户端ip：0:0:0:0:0:0:0:1---服务端ip：0:0:0:0:0:0:0:1'),('201803251356393208Y3mR33y','admin','登录','登录成功','2018-03-25 13:56:39','客户端ip：0:0:0:0:0:0:0:1---服务端ip：0:0:0:0:0:0:0:1'),('20180325141839617G72XdHM6','admin','登录','登录成功','2018-03-25 14:18:39','客户端ip：0:0:0:0:0:0:0:1---服务端ip：0:0:0:0:0:0:0:1'),('20180325141953030XPJXUwus','admin','登录','登录成功','2018-03-25 14:19:53','客户端ip：0:0:0:0:0:0:0:1---服务端ip：0:0:0:0:0:0:0:1'),('20180325142150417M5q0A4R6','admin','登录','登录成功','2018-03-25 14:21:50','客户端ip：0:0:0:0:0:0:0:1---服务端ip：0:0:0:0:0:0:0:1'),('20180325145409878W34Hh70q','zhangsan','登录','登录成功','2018-03-25 14:54:09','客户端ip：0:0:0:0:0:0:0:1---服务端ip：0:0:0:0:0:0:0:1'),('2018032811375043766v1g647','admin','登录','登录成功','2018-03-28 11:37:50','客户端ip：0:0:0:0:0:0:0:1---服务端ip：0:0:0:0:0:0:0:1'),('20180328113808133N1a05Sq4','admin','登录','登录成功','2018-03-28 11:38:08','客户端ip：0:0:0:0:0:0:0:1---服务端ip：0:0:0:0:0:0:0:1'),('201803281144272445lkT5y6W','admin','登录','登录成功','2018-03-28 11:44:27','客户端ip：0:0:0:0:0:0:0:1---服务端ip：0:0:0:0:0:0:0:1'),('2018032811444767682m4886l','admin','登录','登录成功','2018-03-28 11:44:47','客户端ip：0:0:0:0:0:0:0:1---服务端ip：0:0:0:0:0:0:0:1'),('201803281149353448e01qy2e','admin','登录','登录成功','2018-03-28 11:49:35','客户端ip：0:0:0:0:0:0:0:1---服务端ip：0:0:0:0:0:0:0:1'),('20180328115053277vU855w0O','admin','登录','登录成功','2018-03-28 11:50:53','客户端ip：0:0:0:0:0:0:0:1---服务端ip：0:0:0:0:0:0:0:1'),('20180328115650305128aHQd1','admin','登录','登录成功','2018-03-28 11:56:50','客户端ip：0:0:0:0:0:0:0:1---服务端ip：0:0:0:0:0:0:0:1'),('201803281204363903QLGTdd3','admin','登录','登录成功','2018-03-28 12:04:36','客户端ip：0:0:0:0:0:0:0:1---服务端ip：0:0:0:0:0:0:0:1'),('201803281206149024266W6bV','admin','登录','登录成功','2018-03-28 12:06:14','客户端ip：0:0:0:0:0:0:0:1---服务端ip：0:0:0:0:0:0:0:1'),('2018032812575828950u266s9','admin','登录','登录成功','2018-03-28 12:57:58','客户端ip：0:0:0:0:0:0:0:1---服务端ip：0:0:0:0:0:0:0:1'),('20180328130037900M1153166','admin','登录','登录成功','2018-03-28 13:00:37','客户端ip：0:0:0:0:0:0:0:1---服务端ip：0:0:0:0:0:0:0:1'),('20180328133136422tpbA125q','admin','登录','登录成功','2018-03-28 13:31:36','客户端ip：0:0:0:0:0:0:0:1---服务端ip：0:0:0:0:0:0:0:1'),('20180403152247668dqIV8Cy1','admin','登录','登录成功','2018-04-03 15:22:47','客户端ip：0:0:0:0:0:0:0:1---服务端ip：0:0:0:0:0:0:0:1'),('20180403152409247zNy697Cr','admin','资源管理','保存资源信息','2018-04-03 15:24:09','客户端ip：0:0:0:0:0:0:0:1---服务端ip：0:0:0:0:0:0:0:1'),('2018040315244033206msj727','admin','角色管理','角色授权','2018-04-03 15:24:40','客户端ip：0:0:0:0:0:0:0:1---服务端ip：0:0:0:0:0:0:0:1'),('20180403152548591Q199O6QH','admin','资源管理','保存资源信息','2018-04-03 15:25:48','客户端ip：0:0:0:0:0:0:0:1---服务端ip：0:0:0:0:0:0:0:1'),('20180403152559045K3R56L57','admin','角色管理','角色授权','2018-04-03 15:25:59','客户端ip：0:0:0:0:0:0:0:1---服务端ip：0:0:0:0:0:0:0:1'),('20180403152644814IQCY6iF3','admin','资源管理','修改资源信息','2018-04-03 15:26:44','客户端ip：0:0:0:0:0:0:0:1---服务端ip：0:0:0:0:0:0:0:1'),('201804031527196255Vl34D7K','admin','资源管理','修改资源信息','2018-04-03 15:27:19','客户端ip：0:0:0:0:0:0:0:1---服务端ip：0:0:0:0:0:0:0:1'),('201804031558099102E840857','admin','登录','登录成功','2018-04-03 15:58:09','客户端ip：0:0:0:0:0:0:0:1---服务端ip：0:0:0:0:0:0:0:1'),('20180403161850581XOk3dn7b','admin','登录','登录成功','2018-04-03 16:18:50','客户端ip：0:0:0:0:0:0:0:1---服务端ip：0:0:0:0:0:0:0:1'),('20180403161858457jU4320Au','admin','登录','登录成功','2018-04-03 16:18:58','客户端ip：0:0:0:0:0:0:0:1---服务端ip：0:0:0:0:0:0:0:1'),('20180403161910316A7u1ZgkU','admin','登录','登录成功','2018-04-03 16:19:10','客户端ip：0:0:0:0:0:0:0:1---服务端ip：0:0:0:0:0:0:0:1'),('20180403161927511V8fRXh14','admin','登录','退出系统','2018-04-03 16:19:27','客户端ip：0:0:0:0:0:0:0:1---服务端ip：0:0:0:0:0:0:0:1'),('201804031619383311769Mvvw','admin','登录','登录成功','2018-04-03 16:19:38','客户端ip：0:0:0:0:0:0:0:1---服务端ip：0:0:0:0:0:0:0:1'),('20180403162757987OsZwWoSd','admin','参数管理','添加系统参数信息','2018-04-03 16:27:57','客户端ip：0:0:0:0:0:0:0:1---服务端ip：0:0:0:0:0:0:0:1'),('201804031745373851K16H22G','zsm','登录','登录成功','2018-04-03 17:45:37','客户端ip：0:0:0:0:0:0:0:1---服务端ip：0:0:0:0:0:0:0:1'),('20180403174543515I8T0LW8w','admin','登录','登录成功','2018-04-03 17:45:43','客户端ip：0:0:0:0:0:0:0:1---服务端ip：0:0:0:0:0:0:0:1'),('201804031746485847S7472I8','admin','参数管理','添加系统参数信息','2018-04-03 17:46:48','客户端ip：0:0:0:0:0:0:0:1---服务端ip：0:0:0:0:0:0:0:1'),('2018040317471411770fnZCuO','admin','参数管理','修改系统参数信息','2018-04-03 17:47:14','客户端ip：0:0:0:0:0:0:0:1---服务端ip：0:0:0:0:0:0:0:1'),('201804031755141394xd87312','admin','登录','登录成功','2018-04-03 17:55:14','客户端ip：127.0.0.1---服务端ip：127.0.0.1'),('2018040317552934416I06i7E','admin','参数管理','修改系统参数信息','2018-04-03 17:55:29','客户端ip：127.0.0.1---服务端ip：127.0.0.1'),('20180403175640116Qqm9445z','admin','参数管理','添加系统参数信息','2018-04-03 17:56:40','客户端ip：0:0:0:0:0:0:0:1---服务端ip：0:0:0:0:0:0:0:1'),('20180403222636880F2791Agr','admin','登录','登录成功','2018-04-03 22:26:36','客户端ip：0:0:0:0:0:0:0:1---服务端ip：0:0:0:0:0:0:0:1'),('20180403223511060v64Oo49k','admin','参数管理','添加系统参数信息','2018-04-03 22:35:11','客户端ip：0:0:0:0:0:0:0:1---服务端ip：0:0:0:0:0:0:0:1'),('201804032252213591236G9JL','admin','登录','登录成功','2018-04-03 22:52:21','客户端ip：0:0:0:0:0:0:0:1---服务端ip：0:0:0:0:0:0:0:1'),('201804032253146315yE83o09','admin','参数管理','添加系统参数信息','2018-04-03 22:53:14','客户端ip：0:0:0:0:0:0:0:1---服务端ip：0:0:0:0:0:0:0:1'),('20180403225329169C84qit03','admin','参数管理','添加系统参数信息','2018-04-03 22:53:29','客户端ip：0:0:0:0:0:0:0:1---服务端ip：0:0:0:0:0:0:0:1'),('2018040322533496429Xyh8ZS','admin','参数管理','删除系统参数信息','2018-04-03 22:53:34','客户端ip：0:0:0:0:0:0:0:1---服务端ip：0:0:0:0:0:0:0:1'),('20180403225403552p5qJ82tK','admin','参数管理','删除系统参数信息','2018-04-03 22:54:03','客户端ip：0:0:0:0:0:0:0:1---服务端ip：0:0:0:0:0:0:0:1'),('20180403225406768ad0b05KQ','admin','参数管理','删除系统参数信息','2018-04-03 22:54:06','客户端ip：0:0:0:0:0:0:0:1---服务端ip：0:0:0:0:0:0:0:1'),('201804032254149683A2HA9Un','admin','参数管理','添加系统参数信息','2018-04-03 22:54:14','客户端ip：0:0:0:0:0:0:0:1---服务端ip：0:0:0:0:0:0:0:1'),('20180403225422333tEK80T13','admin','参数管理','添加系统参数信息','2018-04-03 22:54:22','客户端ip：0:0:0:0:0:0:0:1---服务端ip：0:0:0:0:0:0:0:1'),('201804032254287127Sl1e01o','admin','参数管理','添加系统参数信息','2018-04-03 22:54:28','客户端ip：0:0:0:0:0:0:0:1---服务端ip：0:0:0:0:0:0:0:1'),('20180403225435413jHGY1T69','admin','参数管理','添加系统参数信息','2018-04-03 22:54:35','客户端ip：0:0:0:0:0:0:0:1---服务端ip：0:0:0:0:0:0:0:1'),('201804032254422073169i9NR','admin','参数管理','添加系统参数信息','2018-04-03 22:54:42','客户端ip：0:0:0:0:0:0:0:1---服务端ip：0:0:0:0:0:0:0:1'),('20180403225501125r8N5M79U','admin','参数管理','修改系统参数信息','2018-04-03 22:55:01','客户端ip：0:0:0:0:0:0:0:1---服务端ip：0:0:0:0:0:0:0:1'),('201804032255218722P04ZXw2','admin','参数管理','修改系统参数信息','2018-04-03 22:55:21','客户端ip：0:0:0:0:0:0:0:1---服务端ip：0:0:0:0:0:0:0:1'),('20180403225748269119j98zC','admin','参数管理','修改系统参数信息','2018-04-03 22:57:48','客户端ip：0:0:0:0:0:0:0:1---服务端ip：0:0:0:0:0:0:0:1'),('20180403230024145aw9328MP','admin','参数管理','修改系统参数信息','2018-04-03 23:00:24','客户端ip：0:0:0:0:0:0:0:1---服务端ip：0:0:0:0:0:0:0:1'),('201804032300513136Vu366t0','admin','参数管理','修改系统参数信息','2018-04-03 23:00:51','客户端ip：0:0:0:0:0:0:0:1---服务端ip：0:0:0:0:0:0:0:1'),('201804032301010131Kx77Z8E','admin','参数管理','添加系统参数信息','2018-04-03 23:01:01','客户端ip：0:0:0:0:0:0:0:1---服务端ip：0:0:0:0:0:0:0:1'),('20180403230112071jn822Jhu','admin','参数管理','添加系统参数信息','2018-04-03 23:01:12','客户端ip：0:0:0:0:0:0:0:1---服务端ip：0:0:0:0:0:0:0:1'),('20180403230118187GiM1n63k','admin','参数管理','添加系统参数信息','2018-04-03 23:01:18','客户端ip：0:0:0:0:0:0:0:1---服务端ip：0:0:0:0:0:0:0:1'),('201804032301264782YK3Rq7k','admin','参数管理','删除系统参数信息','2018-04-03 23:01:26','客户端ip：0:0:0:0:0:0:0:1---服务端ip：0:0:0:0:0:0:0:1'),('20180403230134715N2h9H763','admin','参数管理','添加系统参数信息','2018-04-03 23:01:34','客户端ip：0:0:0:0:0:0:0:1---服务端ip：0:0:0:0:0:0:0:1'),('2018040323015621445941NUL','admin','参数管理','修改系统参数信息','2018-04-03 23:01:56','客户端ip：0:0:0:0:0:0:0:1---服务端ip：0:0:0:0:0:0:0:1'),('2018040323025045401219GNq','admin','参数管理','批量删除系统参数信息','2018-04-03 23:02:50','客户端ip：0:0:0:0:0:0:0:1---服务端ip：0:0:0:0:0:0:0:1'),('20180403232109742857759P4','admin','个人中心','修改密码成功','2018-04-03 23:21:09','客户端ip：0:0:0:0:0:0:0:1---服务端ip：0:0:0:0:0:0:0:1'),('201804032333052142590w395','admin','参数管理','修改系统参数信息','2018-04-03 23:33:05','客户端ip：0:0:0:0:0:0:0:1---服务端ip：0:0:0:0:0:0:0:1'),('201804032339322128WrKJd3D','admin','参数管理','添加系统参数信息','2018-04-03 23:39:32','客户端ip：0:0:0:0:0:0:0:1---服务端ip：0:0:0:0:0:0:0:1'),('20180403233936552V860Miy5','admin','参数管理','添加系统参数信息','2018-04-03 23:39:36','客户端ip：0:0:0:0:0:0:0:1---服务端ip：0:0:0:0:0:0:0:1'),('20180403233940569vCl6FEm8','admin','参数管理','添加系统参数信息','2018-04-03 23:39:40','客户端ip：0:0:0:0:0:0:0:1---服务端ip：0:0:0:0:0:0:0:1'),('2018040323394437067KAVlfc','admin','参数管理','添加系统参数信息','2018-04-03 23:39:44','客户端ip：0:0:0:0:0:0:0:1---服务端ip：0:0:0:0:0:0:0:1'),('20180403233948370x5e83207','admin','参数管理','添加系统参数信息','2018-04-03 23:39:48','客户端ip：0:0:0:0:0:0:0:1---服务端ip：0:0:0:0:0:0:0:1'),('20180403233954298E0Hm001u','admin','参数管理','添加系统参数信息','2018-04-03 23:39:54','客户端ip：0:0:0:0:0:0:0:1---服务端ip：0:0:0:0:0:0:0:1'),('20180405190142171e5hVOt54','admin','登录','登录成功','2018-04-05 19:01:42','客户端ip：0:0:0:0:0:0:0:1---服务端ip：0:0:0:0:0:0:0:1'),('20180405190209538i3o50xj3','admin','参数管理','添加系统参数信息','2018-04-05 19:02:09','客户端ip：0:0:0:0:0:0:0:1---服务端ip：0:0:0:0:0:0:0:1'),('2018040519021948362Eqf1Jk','admin','参数管理','修改系统参数信息','2018-04-05 19:02:19','客户端ip：0:0:0:0:0:0:0:1---服务端ip：0:0:0:0:0:0:0:1'),('20180405190224012q999538V','admin','参数管理','删除系统参数信息','2018-04-05 19:02:24','客户端ip：0:0:0:0:0:0:0:1---服务端ip：0:0:0:0:0:0:0:1'),('201804051909372095veVChXt','admin','登录','登录成功','2018-04-05 19:09:37','客户端ip：0:0:0:0:0:0:0:1---服务端ip：0:0:0:0:0:0:0:1'),('2018040519422139444RA52O8','admin','登录','登录成功','2018-04-05 19:42:21','客户端ip：0:0:0:0:0:0:0:1---服务端ip：0:0:0:0:0:0:0:1'),('20180405194532587l6dU0uj4','admin','资源管理','保存资源信息','2018-04-05 19:45:32','客户端ip：0:0:0:0:0:0:0:1---服务端ip：0:0:0:0:0:0:0:1'),('20180405194553056gm5832I0','admin','角色管理','角色授权','2018-04-05 19:45:53','客户端ip：0:0:0:0:0:0:0:1---服务端ip：0:0:0:0:0:0:0:1'),('201804051949327359943ox32','admin','登录','登录成功','2018-04-05 19:49:32','客户端ip：0:0:0:0:0:0:0:1---服务端ip：0:0:0:0:0:0:0:1'),('2018040520591370649593v3H','admin','登录','登录成功','2018-04-05 20:59:13','客户端ip：0:0:0:0:0:0:0:1---服务端ip：0:0:0:0:0:0:0:1'),('201804052111557663G8225ep','admin','登录','登录成功','2018-04-05 21:11:55','客户端ip：0:0:0:0:0:0:0:1---服务端ip：0:0:0:0:0:0:0:1'),('201804052116026883qiqwSy5','admin','登录','登录成功','2018-04-05 21:16:02','客户端ip：0:0:0:0:0:0:0:1---服务端ip：0:0:0:0:0:0:0:1'),('2018040521161344926S374UM','admin','登录','登录成功','2018-04-05 21:16:13','客户端ip：0:0:0:0:0:0:0:1---服务端ip：0:0:0:0:0:0:0:1'),('2018040521215157297E64383','admin','登录','登录成功','2018-04-05 21:21:51','客户端ip：0:0:0:0:0:0:0:1---服务端ip：0:0:0:0:0:0:0:1'),('201804052122560109214Mdkq','admin','资源管理','修改资源信息','2018-04-05 21:22:56','客户端ip：0:0:0:0:0:0:0:1---服务端ip：0:0:0:0:0:0:0:1'),('2018040521271191548G63G67','admin','登录','登录成功','2018-04-05 21:27:11','客户端ip：0:0:0:0:0:0:0:1---服务端ip：0:0:0:0:0:0:0:1'),('201804052127244701t94228c','admin','资源管理','修改资源信息','2018-04-05 21:27:24','客户端ip：0:0:0:0:0:0:0:1---服务端ip：0:0:0:0:0:0:0:1'),('20180405212756749Vp4C9F5Z','admin','参数管理','修改系统参数信息','2018-04-05 21:27:56','客户端ip：0:0:0:0:0:0:0:1---服务端ip：0:0:0:0:0:0:0:1'),('20180405215440801Kwim76nb','admin','登录','登录成功','2018-04-05 21:54:40','客户端ip：0:0:0:0:0:0:0:1---服务端ip：0:0:0:0:0:0:0:1'),('20180405224519968319X56fY','andmin','登录','登录成功','2018-04-05 22:45:19','客户端ip：0:0:0:0:0:0:0:1---服务端ip：0:0:0:0:0:0:0:1'),('20180405224546877W712z6n7','admin','登录','登录成功','2018-04-05 22:45:46','客户端ip：0:0:0:0:0:0:0:1---服务端ip：0:0:0:0:0:0:0:1'),('20180405230505213919AOBXb','admin','参数管理','添加系统参数信息','2018-04-05 23:05:05','客户端ip：0:0:0:0:0:0:0:1---服务端ip：0:0:0:0:0:0:0:1'),('201804052328546504921H5Un','admin','登录','登录成功','2018-04-05 23:28:54','客户端ip：0:0:0:0:0:0:0:1---服务端ip：0:0:0:0:0:0:0:1'),('20180405232908539EYZI9483','admin','参数管理','添加系统参数信息','2018-04-05 23:29:08','客户端ip：0:0:0:0:0:0:0:1---服务端ip：0:0:0:0:0:0:0:1'),('201804052336238468zgj49J2','admin','登录','登录成功','2018-04-05 23:36:23','客户端ip：0:0:0:0:0:0:0:1---服务端ip：0:0:0:0:0:0:0:1'),('20180405233637789lT7F202E','admin','参数管理','修改系统参数信息','2018-04-05 23:36:37','客户端ip：0:0:0:0:0:0:0:1---服务端ip：0:0:0:0:0:0:0:1'),('2018040523364895108f0KK00','admin','参数管理','添加系统参数信息','2018-04-05 23:36:48','客户端ip：0:0:0:0:0:0:0:1---服务端ip：0:0:0:0:0:0:0:1'),('20180405234125898hdK9962S','admin','登录','登录成功','2018-04-05 23:41:25','客户端ip：0:0:0:0:0:0:0:1---服务端ip：0:0:0:0:0:0:0:1'),('20180405234129418AFrQ17Q3','admin','登录','登录成功','2018-04-05 23:41:29','客户端ip：0:0:0:0:0:0:0:1---服务端ip：0:0:0:0:0:0:0:1'),('20180405234320698ye9Fy62G','admin','参数管理','添加系统参数信息','2018-04-05 23:43:20','客户端ip：0:0:0:0:0:0:0:1---服务端ip：0:0:0:0:0:0:0:1'),('20180405234533612eMlEIX80','admin','登录','登录成功','2018-04-05 23:45:33','客户端ip：0:0:0:0:0:0:0:1---服务端ip：0:0:0:0:0:0:0:1'),('20180405234555552L06Ec118','admin','参数管理','修改系统参数信息','2018-04-05 23:45:55','客户端ip：0:0:0:0:0:0:0:1---服务端ip：0:0:0:0:0:0:0:1'),('201804052346035439dQFP0qD','admin','参数管理','修改系统参数信息','2018-04-05 23:46:03','客户端ip：0:0:0:0:0:0:0:1---服务端ip：0:0:0:0:0:0:0:1'),('20180405234711713kY7a07ZS','admin','参数管理','批量删除系统参数信息','2018-04-05 23:47:11','客户端ip：0:0:0:0:0:0:0:1---服务端ip：0:0:0:0:0:0:0:1'),('2018040523471913475PhM14w','admin','参数管理','批量删除系统参数信息','2018-04-05 23:47:19','客户端ip：0:0:0:0:0:0:0:1---服务端ip：0:0:0:0:0:0:0:1'),('2018040523504522397m484F5','admin','参数管理','添加系统参数信息','2018-04-05 23:50:45','客户端ip：0:0:0:0:0:0:0:1---服务端ip：0:0:0:0:0:0:0:1'),('20180405235053377ge32IW58','admin','参数管理','添加系统参数信息','2018-04-05 23:50:53','客户端ip：0:0:0:0:0:0:0:1---服务端ip：0:0:0:0:0:0:0:1'),('20180405235120732faH29Tty','admin','参数管理','修改系统参数信息','2018-04-05 23:51:20','客户端ip：0:0:0:0:0:0:0:1---服务端ip：0:0:0:0:0:0:0:1'),('20180405235757743pF2B83P9','admin','参数管理','删除系统参数信息','2018-04-05 23:57:57','客户端ip：0:0:0:0:0:0:0:1---服务端ip：0:0:0:0:0:0:0:1'),('201804052358016839Zho5k4X','admin','参数管理','删除系统参数信息','2018-04-05 23:58:01','客户端ip：0:0:0:0:0:0:0:1---服务端ip：0:0:0:0:0:0:0:1'),('20180405235811275p7563fAS','admin','参数管理','添加系统参数信息','2018-04-05 23:58:11','客户端ip：0:0:0:0:0:0:0:1---服务端ip：0:0:0:0:0:0:0:1'),('20180406000448486vV40330y','admin','参数管理','修改系统参数信息','2018-04-06 00:04:48','客户端ip：0:0:0:0:0:0:0:1---服务端ip：0:0:0:0:0:0:0:1'),('20180406000457311C926RV7I','admin','参数管理','添加系统参数信息','2018-04-06 00:04:57','客户端ip：0:0:0:0:0:0:0:1---服务端ip：0:0:0:0:0:0:0:1'),('20180406001151426A49N962P','admin','参数管理','修改系统参数信息','2018-04-06 00:11:51','客户端ip：0:0:0:0:0:0:0:1---服务端ip：0:0:0:0:0:0:0:1'),('20180406003801272uax25483','admin','登录','登录成功','2018-04-06 00:38:01','客户端ip：0:0:0:0:0:0:0:1---服务端ip：0:0:0:0:0:0:0:1'),('2018040610591247504ux354p','admin','登录','登录成功','2018-04-06 10:59:12','客户端ip：0:0:0:0:0:0:0:1---服务端ip：0:0:0:0:0:0:0:1'),('201804061059568703051014l','admin','角色管理','角色授权','2018-04-06 10:59:56','客户端ip：0:0:0:0:0:0:0:1---服务端ip：0:0:0:0:0:0:0:1'),('201804061100152407729gPZD','admin','资源管理','删除资源信息','2018-04-06 11:00:15','客户端ip：0:0:0:0:0:0:0:1---服务端ip：0:0:0:0:0:0:0:1'),('201804061104208936dvSE20K','admin','资源管理','保存资源信息','2018-04-06 11:04:20','客户端ip：0:0:0:0:0:0:0:1---服务端ip：0:0:0:0:0:0:0:1'),('201804061104336778N5PtUM7','admin','角色管理','角色授权','2018-04-06 11:04:33','客户端ip：0:0:0:0:0:0:0:1---服务端ip：0:0:0:0:0:0:0:1'),('201804061145226744d89f6JT','admin','登录','登录成功','2018-04-06 11:45:22','客户端ip：0:0:0:0:0:0:0:1---服务端ip：0:0:0:0:0:0:0:1'),('20180406115607133I2KN170N','admin','资源管理','修改资源信息','2018-04-06 11:56:07','客户端ip：0:0:0:0:0:0:0:1---服务端ip：0:0:0:0:0:0:0:1'),('20180406121138700l19Wk5B7','admin','登录','登录成功','2018-04-06 12:11:38','客户端ip：0:0:0:0:0:0:0:1---服务端ip：0:0:0:0:0:0:0:1'),('201804061211420561966BU41','admin','登录','登录成功','2018-04-06 12:11:42','客户端ip：0:0:0:0:0:0:0:1---服务端ip：0:0:0:0:0:0:0:1'),('20180406121650346QJ2cy436','admin','资源管理','修改资源信息','2018-04-06 12:16:50','客户端ip：0:0:0:0:0:0:0:1---服务端ip：0:0:0:0:0:0:0:1'),('2018040616281847861802fwE','admin','登录','登录成功','2018-04-06 16:28:18','客户端ip：0:0:0:0:0:0:0:1---服务端ip：0:0:0:0:0:0:0:1'),('2018040617014217948n298C4','admin','登录','登录成功','2018-04-06 17:01:42','客户端ip：0:0:0:0:0:0:0:1---服务端ip：0:0:0:0:0:0:0:1'),('20180406174100335JS304eI0','admin','登录','登录成功','2018-04-06 17:41:00','客户端ip：0:0:0:0:0:0:0:1---服务端ip：0:0:0:0:0:0:0:1'),('201804061741140724124tm7h','admin','参数管理','添加系统参数信息','2018-04-06 17:41:14','客户端ip：0:0:0:0:0:0:0:1---服务端ip：0:0:0:0:0:0:0:1'),('20180406183627453C00E204L','admin','登录','登录成功','2018-04-06 18:36:27','客户端ip：0:0:0:0:0:0:0:1---服务端ip：0:0:0:0:0:0:0:1'),('2018040618485120384A4pJdf','admin','衣服属性管理','衣服属性系统参数删除','2018-04-06 18:48:51','客户端ip：0:0:0:0:0:0:0:1---服务端ip：0:0:0:0:0:0:0:1'),('201804061848572255jTmJr8z','admin','衣服属性管理','衣服属性系统参数删除','2018-04-06 18:48:57','客户端ip：0:0:0:0:0:0:0:1---服务端ip：0:0:0:0:0:0:0:1'),('201804061947076719m2f6TgY','admin','登录','登录成功','2018-04-06 19:47:07','客户端ip：0:0:0:0:0:0:0:1---服务端ip：0:0:0:0:0:0:0:1'),('2018040620035304768193xp8','admin','衣服属性管理','添加衣服属性管理系统参数信息','2018-04-06 20:03:53','客户端ip：0:0:0:0:0:0:0:1---服务端ip：0:0:0:0:0:0:0:1'),('201804062004005594y66E6H5','admin','衣服属性管理','衣服属性系统参数删除','2018-04-06 20:04:00','客户端ip：0:0:0:0:0:0:0:1---服务端ip：0:0:0:0:0:0:0:1'),('20180406201438379l4PD3uQ9','admin','衣服属性管理','衣服属性系统参数删除','2018-04-06 20:14:38','客户端ip：0:0:0:0:0:0:0:1---服务端ip：0:0:0:0:0:0:0:1'),('201804062014475789quK1Nv1','admin','衣服属性管理','衣服属性系统参数删除','2018-04-06 20:14:47','客户端ip：0:0:0:0:0:0:0:1---服务端ip：0:0:0:0:0:0:0:1'),('20180406201902702Z56HjP88','admin','衣服属性管理','添加衣服属性管理系统参数信息','2018-04-06 20:19:02','客户端ip：0:0:0:0:0:0:0:1---服务端ip：0:0:0:0:0:0:0:1'),('20180406203249852y6Y09F81','admin','衣服属性管理','添加衣服属性管理系统参数信息','2018-04-06 20:32:49','客户端ip：0:0:0:0:0:0:0:1---服务端ip：0:0:0:0:0:0:0:1'),('2018040620330972533p60VZU','admin','衣服属性管理','衣服属性系统参数删除','2018-04-06 20:33:09','客户端ip：0:0:0:0:0:0:0:1---服务端ip：0:0:0:0:0:0:0:1'),('201804062038416782n031456','admin','衣服属性管理','衣服属性系统参数删除','2018-04-06 20:38:41','客户端ip：0:0:0:0:0:0:0:1---服务端ip：0:0:0:0:0:0:0:1'),('2018040620385946822G324Ec','admin','衣服属性管理','添加衣服属性管理系统参数信息','2018-04-06 20:38:59','客户端ip：0:0:0:0:0:0:0:1---服务端ip：0:0:0:0:0:0:0:1'),('201804062039068207X9u661b','admin','衣服属性管理','添加衣服属性管理系统参数信息','2018-04-06 20:39:06','客户端ip：0:0:0:0:0:0:0:1---服务端ip：0:0:0:0:0:0:0:1'),('201804062050530961vWRAV05','admin','衣服属性管理','衣服属性系统参数删除','2018-04-06 20:50:53','客户端ip：0:0:0:0:0:0:0:1---服务端ip：0:0:0:0:0:0:0:1'),('201804062055156952t0l4Xv1','admin','登录','登录成功','2018-04-06 20:55:15','客户端ip：0:0:0:0:0:0:0:1---服务端ip：0:0:0:0:0:0:0:1'),('2018040620551824801f209xe','admin','登录','登录成功','2018-04-06 20:55:18','客户端ip：0:0:0:0:0:0:0:1---服务端ip：0:0:0:0:0:0:0:1'),('20180406205557344c6nJ419i','admin','衣服属性管理','添加衣服属性管理系统参数信息','2018-04-06 20:55:57','客户端ip：0:0:0:0:0:0:0:1---服务端ip：0:0:0:0:0:0:0:1'),('201804062056056666924BHv8','admin','衣服属性管理','衣服属性系统参数删除','2018-04-06 20:56:05','客户端ip：0:0:0:0:0:0:0:1---服务端ip：0:0:0:0:0:0:0:1'),('201804062057417217W405332','admin','衣服属性管理','衣服属性系统参数删除','2018-04-06 20:57:41','客户端ip：0:0:0:0:0:0:0:1---服务端ip：0:0:0:0:0:0:0:1'),('20180406210044290SL85f9s3','admin','衣服属性管理','添加衣服属性管理系统参数信息','2018-04-06 21:00:44','客户端ip：0:0:0:0:0:0:0:1---服务端ip：0:0:0:0:0:0:0:1'),('20180406210055429ilUE8JL2','admin','衣服属性管理','添加衣服属性管理系统参数信息','2018-04-06 21:00:55','客户端ip：0:0:0:0:0:0:0:1---服务端ip：0:0:0:0:0:0:0:1'),('20180406210105163c2CN1QK8','admin','衣服属性管理','衣服属性系统参数删除','2018-04-06 21:01:05','客户端ip：0:0:0:0:0:0:0:1---服务端ip：0:0:0:0:0:0:0:1'),('2018040621011527825osm06e','admin','衣服属性管理','添加衣服属性管理系统参数信息','2018-04-06 21:01:15','客户端ip：0:0:0:0:0:0:0:1---服务端ip：0:0:0:0:0:0:0:1'),('20180406210120409z50Y9659','admin','衣服属性管理','添加衣服属性管理系统参数信息','2018-04-06 21:01:20','客户端ip：0:0:0:0:0:0:0:1---服务端ip：0:0:0:0:0:0:0:1'),('201804062101277380Sn2u88Y','admin','衣服属性管理','批量删除衣服属性管理系统参数','2018-04-06 21:01:27','客户端ip：0:0:0:0:0:0:0:1---服务端ip：0:0:0:0:0:0:0:1'),('201804062128240421V1wK0f4','admin','登录','登录成功','2018-04-06 21:28:24','客户端ip：0:0:0:0:0:0:0:1---服务端ip：0:0:0:0:0:0:0:1'),('201804062325069546qU1S16X','admin','登录','登录成功','2018-04-06 23:25:06','客户端ip：0:0:0:0:0:0:0:1---服务端ip：0:0:0:0:0:0:0:1'),('201804062325324235Nji1FJP','admin','角色管理','角色授权','2018-04-06 23:25:32','客户端ip：0:0:0:0:0:0:0:1---服务端ip：0:0:0:0:0:0:0:1'),('20180406232823275Lk8X0l28','admin','资源管理','保存资源信息','2018-04-06 23:28:23','客户端ip：0:0:0:0:0:0:0:1---服务端ip：0:0:0:0:0:0:0:1'),('20180406232834442k0uw6sHY','admin','角色管理','角色授权','2018-04-06 23:28:34','客户端ip：0:0:0:0:0:0:0:1---服务端ip：0:0:0:0:0:0:0:1'),('20180406232936792FMS9kEaN','admin','资源管理','保存资源信息','2018-04-06 23:29:36','客户端ip：0:0:0:0:0:0:0:1---服务端ip：0:0:0:0:0:0:0:1'),('201804062331559640zV26Xy3','admin','资源管理','修改资源信息','2018-04-06 23:31:55','客户端ip：0:0:0:0:0:0:0:1---服务端ip：0:0:0:0:0:0:0:1'),('201804062332439019387hd84','admin','资源管理','保存资源信息','2018-04-06 23:32:43','客户端ip：0:0:0:0:0:0:0:1---服务端ip：0:0:0:0:0:0:0:1'),('201804062333428517f252403','admin','角色管理','角色授权','2018-04-06 23:33:42','客户端ip：0:0:0:0:0:0:0:1---服务端ip：0:0:0:0:0:0:0:1'),('2018040721370576537o91dDT','admin','登录','登录成功','2018-04-07 21:37:05','客户端ip：0:0:0:0:0:0:0:1---服务端ip：0:0:0:0:0:0:0:1'),('20180407213709138hZ8U985S','admin','登录','登录成功','2018-04-07 21:37:09','客户端ip：0:0:0:0:0:0:0:1---服务端ip：0:0:0:0:0:0:0:1'),('2018040721402999897OVDolx','admin','登录','登录成功','2018-04-07 21:40:30','客户端ip：0:0:0:0:0:0:0:1---服务端ip：0:0:0:0:0:0:0:1'),('20180407215625272g4H81f1H','admin','登录','登录成功','2018-04-07 21:56:25','客户端ip：0:0:0:0:0:0:0:1---服务端ip：0:0:0:0:0:0:0:1'),('201804072227330151yVA6DAd','admin','登录','登录成功','2018-04-07 22:27:33','客户端ip：0:0:0:0:0:0:0:1---服务端ip：0:0:0:0:0:0:0:1'),('201804072300568267I734a04','admin','登录','登录成功','2018-04-07 23:00:56','客户端ip：0:0:0:0:0:0:0:1---服务端ip：0:0:0:0:0:0:0:1'),('201804251448329622145dbKz','admin','登录','登录成功','2018-04-25 14:48:33','客户端ip：0:0:0:0:0:0:0:1---服务端ip：0:0:0:0:0:0:0:1'),('2018042714183418122u6h8R7','admin','登录','登录成功','2018-04-27 14:18:34','客户端ip：127.0.0.1---服务端ip：127.0.0.1'),('201804271418452924BcVL3fJ','admin','登录','登录成功','2018-04-27 14:18:45','客户端ip：127.0.0.1---服务端ip：127.0.0.1'),('20180503100110039U05rsga1','admin','登录','登录成功','2018-05-03 10:01:10','客户端ip：0:0:0:0:0:0:0:1---服务端ip：0:0:0:0:0:0:0:1'),('20180503101343771tj266vAR','admin','登录','登录成功','2018-05-03 10:13:43','客户端ip：0:0:0:0:0:0:0:1---服务端ip：0:0:0:0:0:0:0:1'),('2018050310465571243U6kCDQ','admin','登录','登录成功','2018-05-03 10:46:55','客户端ip：0:0:0:0:0:0:0:1---服务端ip：0:0:0:0:0:0:0:1'),('2018050311193716698N07x6t','admin','登录','登录成功','2018-05-03 11:19:37','客户端ip：0:0:0:0:0:0:0:1---服务端ip：0:0:0:0:0:0:0:1'),('20180503112103294H6mw5D62','admin','登录','登录成功','2018-05-03 11:21:03','客户端ip：0:0:0:0:0:0:0:1---服务端ip：0:0:0:0:0:0:0:1'),('2018050313115443977D7o1Zf','admin','登录','登录成功','2018-05-03 13:11:54','客户端ip：0:0:0:0:0:0:0:1---服务端ip：0:0:0:0:0:0:0:1'),('2018050313573105648jYO289','admin','登录','登录成功','2018-05-03 13:57:31','客户端ip：0:0:0:0:0:0:0:1---服务端ip：0:0:0:0:0:0:0:1'),('201805081002275969T2m0md4','admin','登录','登录成功','2018-05-08 10:02:27','客户端ip：0:0:0:0:0:0:0:1---服务端ip：0:0:0:0:0:0:0:1'),('20180508100230852En1bbQ15','admin','登录','登录成功','2018-05-08 10:02:30','客户端ip：0:0:0:0:0:0:0:1---服务端ip：0:0:0:0:0:0:0:1'),('20180508100233675JWfmeQS5','admin','登录','登录成功','2018-05-08 10:02:33','客户端ip：0:0:0:0:0:0:0:1---服务端ip：0:0:0:0:0:0:0:1'),('20180508100245839lZZL282w','admin','登录','登录成功','2018-05-08 10:02:45','客户端ip：0:0:0:0:0:0:0:1---服务端ip：0:0:0:0:0:0:0:1'),('20180508105313998s8514O6Q','admin','登录','登录成功','2018-05-08 10:53:13','客户端ip：127.0.0.1---服务端ip：127.0.0.1'),('20180508151435528t03z4zVV','admin','登录','登录成功','2018-05-08 15:14:35','客户端ip：127.0.0.1---服务端ip：127.0.0.1'),('20180508152218050Y3725S13','admin','登录','登录成功','2018-05-08 15:22:18','客户端ip：127.0.0.1---服务端ip：127.0.0.1'),('20180508160325507xBXAN906','admin','登录','登录成功','2018-05-08 16:03:25','客户端ip：127.0.0.1---服务端ip：127.0.0.1'),('20180508162458139606X3IcH','admin','登录','登录成功','2018-05-08 16:24:58','客户端ip：127.0.0.1---服务端ip：127.0.0.1'),('201805081647440385U970qs9','admin','登录','登录成功','2018-05-08 16:47:44','客户端ip：127.0.0.1---服务端ip：127.0.0.1'),('20180508170732192gf034G81','admin','登录','登录成功','2018-05-08 17:07:32','客户端ip：127.0.0.1---服务端ip：127.0.0.1'),('201805081708563493d0IPd7N','admin','衣服属性管理','添加衣服属性管理系统参数信息','2018-05-08 17:08:56','客户端ip：127.0.0.1---服务端ip：127.0.0.1'),('201805081709024657567j389','admin','衣服属性管理','衣服属性系统参数删除','2018-05-08 17:09:02','客户端ip：127.0.0.1---服务端ip：127.0.0.1'),('20180903173648428766J69BV','admin','登录','登录成功','2018-09-03 17:36:48','客户端ip：0:0:0:0:0:0:0:1---服务端ip：0:0:0:0:0:0:0:1'),('201809031742404960l6vHbF3','admin','衣服属性管理','批量删除衣服属性管理系统参数','2018-09-03 17:42:40','客户端ip：0:0:0:0:0:0:0:1---服务端ip：0:0:0:0:0:0:0:1'),('20180903174251595005z5S8s','admin','衣服属性管理','批量删除衣服属性管理系统参数','2018-09-03 17:42:51','客户端ip：0:0:0:0:0:0:0:1---服务端ip：0:0:0:0:0:0:0:1'),('20180903174322675r5W20Lpk','admin','衣服属性管理','批量删除衣服属性管理系统参数','2018-09-03 17:43:22','客户端ip：0:0:0:0:0:0:0:1---服务端ip：0:0:0:0:0:0:0:1'),('2018090410052135685Y5PC83','admin','登录','登录成功','2018-09-04 10:05:21','客户端ip：0:0:0:0:0:0:0:1---服务端ip：0:0:0:0:0:0:0:1'),('20180904111236755dQK3y6mE','admin','登录','登录成功','2018-09-04 11:12:36','客户端ip：0:0:0:0:0:0:0:1---服务端ip：0:0:0:0:0:0:0:1'),('201809041517447696l55V93Z','admin','登录','登录成功','2018-09-04 15:17:44','客户端ip：0:0:0:0:0:0:0:1---服务端ip：0:0:0:0:0:0:0:1'),('20180904162710867t30xb6dq','admin','登录','登录成功','2018-09-04 16:27:10','客户端ip：127.0.0.1---服务端ip：127.0.0.1'),('201809041654044186aN9RC9v','admin','登录','登录成功','2018-09-04 16:54:04','客户端ip：127.0.0.1---服务端ip：127.0.0.1'),('201809041715226673HcCDs96','admin','登录','登录成功','2018-09-04 17:15:22','客户端ip：127.0.0.1---服务端ip：127.0.0.1'),('2018090417342582112khu859','admin','登录','登录成功','2018-09-04 17:34:25','客户端ip：127.0.0.1---服务端ip：127.0.0.1'),('20180904173429415PL2g564c','admin','登录','登录成功','2018-09-04 17:34:29','客户端ip：127.0.0.1---服务端ip：127.0.0.1'),('201809041751102871202Pq67','admin','衣服属性管理','添加衣服属性管理系统参数信息','2018-09-04 17:51:10','客户端ip：127.0.0.1---服务端ip：127.0.0.1'),('20180906125958287217YLWBV','admin','登录','登录成功','2018-09-06 12:59:58','客户端ip：127.0.0.1---服务端ip：127.0.0.1'),('20180906130014237yI36q5Mi','admin','衣服属性管理','添加衣服属性管理系统参数信息','2018-09-06 13:00:14','客户端ip：127.0.0.1---服务端ip：127.0.0.1'),('201809061300197215Inq8R66','admin','衣服属性管理','添加衣服属性管理系统参数信息','2018-09-06 13:00:19','客户端ip：127.0.0.1---服务端ip：127.0.0.1'),('20180906132029927e8z50u19','admin','登录','登录成功','2018-09-06 13:20:29','客户端ip：127.0.0.1---服务端ip：127.0.0.1'),('2018090613570014089148195','amdin','登录','登录成功','2018-09-06 13:57:00','客户端ip：127.0.0.1---服务端ip：127.0.0.1'),('20180906135711243WVU26A96','admin','登录','登录成功','2018-09-06 13:57:11','客户端ip：127.0.0.1---服务端ip：127.0.0.1'),('20180906143716246Fo2904sF','admin','登录','登录成功','2018-09-06 14:37:16','客户端ip：127.0.0.1---服务端ip：127.0.0.1'),('20180906143718523gKSy4R43','admin','登录','登录成功','2018-09-06 14:37:18','客户端ip：127.0.0.1---服务端ip：127.0.0.1'),('20180906150646723667I043C','admin','登录','登录成功','2018-09-06 15:06:46','客户端ip：127.0.0.1---服务端ip：127.0.0.1'),('20180906171033855ji2z7IrW','admin','登录','登录成功','2018-09-06 17:10:33','客户端ip：127.0.0.1---服务端ip：127.0.0.1'),('20180906171059575x0669QcO','admin','进货参数管理','添加进货管理参数信息','2018-09-06 17:10:59','客户端ip：127.0.0.1---服务端ip：127.0.0.1'),('201809061746107672o843X39','admin','登录','登录成功','2018-09-06 17:46:10','客户端ip：0:0:0:0:0:0:0:1---服务端ip：0:0:0:0:0:0:0:1'),('20180906175302622g3604L4l','admin','登录','登录成功','2018-09-06 17:53:02','客户端ip：127.0.0.1---服务端ip：127.0.0.1'),('201809071029399839q959MNX','admin','登录','登录成功','2018-09-07 10:29:40','客户端ip：0:0:0:0:0:0:0:1---服务端ip：0:0:0:0:0:0:0:1'),('201809071029433758a4ZM725','admin','登录','登录成功','2018-09-07 10:29:43','客户端ip：0:0:0:0:0:0:0:1---服务端ip：0:0:0:0:0:0:0:1'),('20180907111052267f02P0534','admin','登录','登录成功','2018-09-07 11:10:52','客户端ip：0:0:0:0:0:0:0:1---服务端ip：0:0:0:0:0:0:0:1'),('20180907111054899fw37d49Q','admin','登录','登录成功','2018-09-07 11:10:54','客户端ip：0:0:0:0:0:0:0:1---服务端ip：0:0:0:0:0:0:0:1'),('20180907111628420a0218dfR','admin','进货参数管理','添加进货管理参数信息','2018-09-07 11:16:28','客户端ip：0:0:0:0:0:0:0:1---服务端ip：0:0:0:0:0:0:0:1'),('2018090711252076330eG6gJ5','admin','登录','登录成功','2018-09-07 11:25:20','客户端ip：0:0:0:0:0:0:0:1---服务端ip：0:0:0:0:0:0:0:1'),('201809071133502127136J9Wz','admin','登录','登录成功','2018-09-07 11:33:50','客户端ip：0:0:0:0:0:0:0:1---服务端ip：0:0:0:0:0:0:0:1'),('20180907113358987km6k50TR','admin','登录','登录成功','2018-09-07 11:33:58','客户端ip：0:0:0:0:0:0:0:1---服务端ip：0:0:0:0:0:0:0:1'),('20180907114435016fV0JH01W','admin','登录','登录成功','2018-09-07 11:44:35','客户端ip：0:0:0:0:0:0:0:1---服务端ip：0:0:0:0:0:0:0:1'),('20180907114732640o1YK5Lbq','admin','登录','登录成功','2018-09-07 11:47:32','客户端ip：0:0:0:0:0:0:0:1---服务端ip：0:0:0:0:0:0:0:1'),('2018090711473770954yK9804','admin','登录','登录成功','2018-09-07 11:47:37','客户端ip：0:0:0:0:0:0:0:1---服务端ip：0:0:0:0:0:0:0:1'),('2018090713220048174Nb5H9y','admin','登录','登录成功','2018-09-07 13:22:00','客户端ip：0:0:0:0:0:0:0:1---服务端ip：0:0:0:0:0:0:0:1'),('201809071342319260oQqv45x','admin','登录','登录成功','2018-09-07 13:42:31','客户端ip：0:0:0:0:0:0:0:1---服务端ip：0:0:0:0:0:0:0:1'),('20180907143254659u875AWCC','admin','登录','登录成功','2018-09-07 14:32:54','客户端ip：0:0:0:0:0:0:0:1---服务端ip：0:0:0:0:0:0:0:1'),('20180907145539458eGmrL5m8','admin','登录','登录成功','2018-09-07 14:55:39','客户端ip：0:0:0:0:0:0:0:1---服务端ip：0:0:0:0:0:0:0:1'),('201809071519359106jz7Lc76','admin','登录','登录成功','2018-09-07 15:19:35','客户端ip：0:0:0:0:0:0:0:1---服务端ip：0:0:0:0:0:0:0:1'),('201809071628286652g535x13','admin','登录','登录成功','2018-09-07 16:28:28','客户端ip：0:0:0:0:0:0:0:1---服务端ip：0:0:0:0:0:0:0:1'),('201809071708384652XUr5u32','admin','登录','登录成功','2018-09-07 17:08:38','客户端ip：0:0:0:0:0:0:0:1---服务端ip：0:0:0:0:0:0:0:1'),('2018090717084145435FmZ41d','admin','登录','登录成功','2018-09-07 17:08:41','客户端ip：0:0:0:0:0:0:0:1---服务端ip：0:0:0:0:0:0:0:1'),('20180907171206737n164b25Y','admin','登录','登录成功','2018-09-07 17:12:06','客户端ip：127.0.0.1---服务端ip：127.0.0.1'),('20180907171656814z409B8cn','admin','登录','登录成功','2018-09-07 17:16:56','客户端ip：127.0.0.1---服务端ip：127.0.0.1'),('20180907172015692Me7f35GR','admin','进货参数管理','添加进货管理参数信息','2018-09-07 17:20:15','客户端ip：127.0.0.1---服务端ip：127.0.0.1'),('2018090717544273554t75Of5','admin','登录','登录成功','2018-09-07 17:54:42','客户端ip：127.0.0.1---服务端ip：127.0.0.1'),('201809071755234979R7Z6K7D','admin','进货管理','进货管理信息修改','2018-09-07 17:55:23','客户端ip：127.0.0.1---服务端ip：127.0.0.1'),('201809101005069120c1Q982q','admin','登录','登录成功','2018-09-10 10:05:06','客户端ip：0:0:0:0:0:0:0:1---服务端ip：0:0:0:0:0:0:0:1'),('201809101005392534z1971Tz','admin','进货参数管理','添加进货管理参数信息','2018-09-10 10:05:39','客户端ip：0:0:0:0:0:0:0:1---服务端ip：0:0:0:0:0:0:0:1'),('20180910100600741CRMk7nJ6','admin','进货管理','进货管理信息修改','2018-09-10 10:06:00','客户端ip：0:0:0:0:0:0:0:1---服务端ip：0:0:0:0:0:0:0:1'),('20180910100608450734k630t','admin','进货管理','进货管理信息修改','2018-09-10 10:06:08','客户端ip：0:0:0:0:0:0:0:1---服务端ip：0:0:0:0:0:0:0:1'),('20180910101733145NGTr37b5','admin','登录','登录成功','2018-09-10 10:17:33','客户端ip：0:0:0:0:0:0:0:1---服务端ip：0:0:0:0:0:0:0:1'),('201809101017356750NQ68B7J','admin','登录','登录成功','2018-09-10 10:17:35','客户端ip：0:0:0:0:0:0:0:1---服务端ip：0:0:0:0:0:0:0:1'),('20180910102157364Kec5k338','admin','进货参数管理','添加进货管理参数信息','2018-09-10 10:21:57','客户端ip：0:0:0:0:0:0:0:1---服务端ip：0:0:0:0:0:0:0:1'),('20180910102909863jF5je4SI','admin','进货参数管理','添加进货管理参数信息','2018-09-10 10:29:09','客户端ip：0:0:0:0:0:0:0:1---服务端ip：0:0:0:0:0:0:0:1'),('20180910115356265m59j00e6','admin','登录','登录成功','2018-09-10 11:53:56','客户端ip：0:0:0:0:0:0:0:1---服务端ip：0:0:0:0:0:0:0:1'),('20180910131835404e732y895','admin','登录','登录成功','2018-09-10 13:18:35','客户端ip：0:0:0:0:0:0:0:1---服务端ip：0:0:0:0:0:0:0:1'),('20180910131842162096EWBOX','admin','衣服属性管理','衣服属性系统参数删除','2018-09-10 13:18:42','客户端ip：0:0:0:0:0:0:0:1---服务端ip：0:0:0:0:0:0:0:1'),('201809101443393978bnE2WIT','admin','登录','登录成功','2018-09-10 14:43:39','客户端ip：0:0:0:0:0:0:0:1---服务端ip：0:0:0:0:0:0:0:1'),('20180910145632456699782df','admin','登录','登录成功','2018-09-10 14:56:32','客户端ip：0:0:0:0:0:0:0:1---服务端ip：0:0:0:0:0:0:0:1'),('20180910150126787u7F0kFm3','admin','登录','登录成功','2018-09-10 15:01:26','客户端ip：0:0:0:0:0:0:0:1---服务端ip：0:0:0:0:0:0:0:1'),('20180910150254851qq37PzPZ','admin','登录','登录成功','2018-09-10 15:02:54','客户端ip：0:0:0:0:0:0:0:1---服务端ip：0:0:0:0:0:0:0:1'),('20180910150650217xcI22Rqh','admin','登录','登录成功','2018-09-10 15:06:50','客户端ip：0:0:0:0:0:0:0:1---服务端ip：0:0:0:0:0:0:0:1'),('20180910150926174m4vg60x1','admin','登录','登录成功','2018-09-10 15:09:26','客户端ip：0:0:0:0:0:0:0:1---服务端ip：0:0:0:0:0:0:0:1'),('20180910174313852SIey2093','admin','登录','登录成功','2018-09-10 17:43:13','客户端ip：0:0:0:0:0:0:0:1---服务端ip：0:0:0:0:0:0:0:1'),('20180910175643301FI8y788e','admin','登录','登录成功','2018-09-10 17:56:43','客户端ip：0:0:0:0:0:0:0:1---服务端ip：0:0:0:0:0:0:0:1'),('20180911101352322w1a97zJc','admin','登录','登录成功','2018-09-11 10:13:52','客户端ip：0:0:0:0:0:0:0:1---服务端ip：0:0:0:0:0:0:0:1'),('20180911104845967NlBK3sP3','admin','登录','登录成功','2018-09-11 10:48:45','客户端ip：0:0:0:0:0:0:0:1---服务端ip：0:0:0:0:0:0:0:1'),('20180911104856882r38u6SY0','admin','进货管理','批量删除进货管理参数','2018-09-11 10:48:56','客户端ip：0:0:0:0:0:0:0:1---服务端ip：0:0:0:0:0:0:0:1'),('2018091215245512132TFnvR7','admin','登录','登录成功','2018-09-12 15:24:55','客户端ip：0:0:0:0:0:0:0:1---服务端ip：0:0:0:0:0:0:0:1'),('201809121532469887G81HK6J','admin','登录','登录成功','2018-09-12 15:32:47','客户端ip：0:0:0:0:0:0:0:1---服务端ip：0:0:0:0:0:0:0:1'),('20180912174609750ClSD138M','admin','登录','登录成功','2018-09-12 17:46:09','客户端ip：0:0:0:0:0:0:0:1---服务端ip：0:0:0:0:0:0:0:1'),('20180912174946600U13178UV','admin','登录','登录成功','2018-09-12 17:49:46','客户端ip：0:0:0:0:0:0:0:1---服务端ip：0:0:0:0:0:0:0:1'),('20180912180315494m93r8113','admin','登录','登录成功','2018-09-12 18:03:15','客户端ip：0:0:0:0:0:0:0:1---服务端ip：0:0:0:0:0:0:0:1'),('20180912180629036109C07nH','admin','进货参数管理','添加进货管理参数信息','2018-09-12 18:06:29','客户端ip：0:0:0:0:0:0:0:1---服务端ip：0:0:0:0:0:0:0:1'),('201809130823247140S1s9aUq','admin','登录','登录成功','2018-09-13 08:23:24','客户端ip：0:0:0:0:0:0:0:1---服务端ip：0:0:0:0:0:0:0:1'),('2018091308264885550g47X1D','admin','登录','登录成功','2018-09-13 08:26:48','客户端ip：0:0:0:0:0:0:0:1---服务端ip：0:0:0:0:0:0:0:1'),('20180913083300842A552EY21','admin','进货参数管理','添加进货管理参数信息','2018-09-13 08:33:00','客户端ip：0:0:0:0:0:0:0:1---服务端ip：0:0:0:0:0:0:0:1'),('2018091310231757426O5X51N','admin','登录','登录成功','2018-09-13 10:23:17','客户端ip：0:0:0:0:0:0:0:1---服务端ip：0:0:0:0:0:0:0:1'),('201809131058247149X05R570','admin','登录','登录成功','2018-09-13 10:58:24','客户端ip：0:0:0:0:0:0:0:1---服务端ip：0:0:0:0:0:0:0:1'),('201809131103242664s9vZQ06','admin','进货参数管理','添加进货管理参数信息','2018-09-13 11:03:24','客户端ip：0:0:0:0:0:0:0:1---服务端ip：0:0:0:0:0:0:0:1'),('20180913110336127W6vu7Q68','admin','进货管理','批量删除进货管理参数','2018-09-13 11:03:36','客户端ip：0:0:0:0:0:0:0:1---服务端ip：0:0:0:0:0:0:0:1'),('20180913111711608m8wtJD09','admin','进货管理','批量删除进货管理参数','2018-09-13 11:17:11','客户端ip：0:0:0:0:0:0:0:1---服务端ip：0:0:0:0:0:0:0:1'),('20180913112428298359aQuR5','admin','进货管理','批量删除进货管理参数','2018-09-13 11:24:28','客户端ip：0:0:0:0:0:0:0:1---服务端ip：0:0:0:0:0:0:0:1'),('20180913112657522X5QO5X11','admin','进货管理','进货管理信息修改','2018-09-13 11:26:57','客户端ip：0:0:0:0:0:0:0:1---服务端ip：0:0:0:0:0:0:0:1'),('2018091314551069388NFV0Y1','admin','登录','登录成功','2018-09-13 14:55:10','客户端ip：0:0:0:0:0:0:0:1---服务端ip：0:0:0:0:0:0:0:1'),('201809131511335879V05ZfyK','admin','登录','登录成功','2018-09-13 15:11:33','客户端ip：0:0:0:0:0:0:0:1---服务端ip：0:0:0:0:0:0:0:1'),('201809131512082011EQ9CAe8','admin','进货参数管理','添加进货管理参数信息','2018-09-13 15:12:08','客户端ip：0:0:0:0:0:0:0:1---服务端ip：0:0:0:0:0:0:0:1'),('201809131555145912b77510H','admin','登录','登录成功','2018-09-13 15:55:14','客户端ip：0:0:0:0:0:0:0:1---服务端ip：0:0:0:0:0:0:0:1'),('201809131555471479dYW7p20','admin','进货参数管理','添加进货管理参数信息','2018-09-13 15:55:47','客户端ip：0:0:0:0:0:0:0:1---服务端ip：0:0:0:0:0:0:0:1'),('201809131601113127W582Wb2','admin','登录','登录成功','2018-09-13 16:01:11','客户端ip：0:0:0:0:0:0:0:1---服务端ip：0:0:0:0:0:0:0:1'),('201809131629022893m0j8ta8','admin','登录','登录成功','2018-09-13 16:29:02','客户端ip：0:0:0:0:0:0:0:1---服务端ip：0:0:0:0:0:0:0:1'),('2018091316293846237L66y9V','admin','进货管理','进货管理信息修改','2018-09-13 16:29:38','客户端ip：0:0:0:0:0:0:0:1---服务端ip：0:0:0:0:0:0:0:1'),('201809131634121520mM8w711','admin','登录','登录成功','2018-09-13 16:34:12','客户端ip：0:0:0:0:0:0:0:1---服务端ip：0:0:0:0:0:0:0:1'),('201809131652032789S4U3s98','admin','登录','登录成功','2018-09-13 16:52:03','客户端ip：0:0:0:0:0:0:0:1---服务端ip：0:0:0:0:0:0:0:1'),('20180913172519397zGly275b','admin','登录','登录成功','2018-09-13 17:25:19','客户端ip：0:0:0:0:0:0:0:1---服务端ip：0:0:0:0:0:0:0:1'),('201809131734241597LVVZ9t9','admin','登录','登录成功','2018-09-13 17:34:24','客户端ip：0:0:0:0:0:0:0:1---服务端ip：0:0:0:0:0:0:0:1'),('20180913174636455NA0y1oT9','admin','进货管理','进货管理删除','2018-09-13 17:46:36','客户端ip：0:0:0:0:0:0:0:1---服务端ip：0:0:0:0:0:0:0:1'),('20180914100930634yQ0eu8yc','admin','登录','登录成功','2018-09-14 10:09:30','客户端ip：0:0:0:0:0:0:0:1---服务端ip：0:0:0:0:0:0:0:1'),('20180914101749579w9u2YgbK','admin','登录','登录成功','2018-09-14 10:17:49','客户端ip：0:0:0:0:0:0:0:1---服务端ip：0:0:0:0:0:0:0:1'),('201809141037155961c1KJiz5','admin','登录','登录成功','2018-09-14 10:37:15','客户端ip：0:0:0:0:0:0:0:1---服务端ip：0:0:0:0:0:0:0:1'),('20180914105610302qe1e35E0','admin','登录','登录成功','2018-09-14 10:56:10','客户端ip：0:0:0:0:0:0:0:1---服务端ip：0:0:0:0:0:0:0:1'),('2018091710322019498322Cgv','admin','登录','登录成功','2018-09-17 10:32:20','客户端ip：0:0:0:0:0:0:0:1---服务端ip：0:0:0:0:0:0:0:1'),('201809171044208167NMU9898','admin','衣服属性管理','添加衣服属性管理系统参数信息','2018-09-17 10:44:20','客户端ip：0:0:0:0:0:0:0:1---服务端ip：0:0:0:0:0:0:0:1'),('20180917104434986cn7e1Nj8','admin','衣服属性管理','添加衣服属性管理系统参数信息','2018-09-17 10:44:34','客户端ip：0:0:0:0:0:0:0:1---服务端ip：0:0:0:0:0:0:0:1'),('2018091710444558510L6Q1dT','admin','衣服属性管理','添加衣服属性管理系统参数信息','2018-09-17 10:44:45','客户端ip：0:0:0:0:0:0:0:1---服务端ip：0:0:0:0:0:0:0:1'),('201809171044547246e7H4O52','admin','衣服属性管理','添加衣服属性管理系统参数信息','2018-09-17 10:44:54','客户端ip：0:0:0:0:0:0:0:1---服务端ip：0:0:0:0:0:0:0:1'),('20180917104507921599y9P3E','admin','衣服属性管理','添加衣服属性管理系统参数信息','2018-09-17 10:45:07','客户端ip：0:0:0:0:0:0:0:1---服务端ip：0:0:0:0:0:0:0:1'),('20180917104519736TN6j09xH','admin','衣服属性管理','添加衣服属性管理系统参数信息','2018-09-17 10:45:19','客户端ip：0:0:0:0:0:0:0:1---服务端ip：0:0:0:0:0:0:0:1'),('201809171139467704eKR33iW','admin','登录','登录成功','2018-09-17 11:39:46','客户端ip：0:0:0:0:0:0:0:1---服务端ip：0:0:0:0:0:0:0:1'),('20180917115031060mij4L2tZ','admin','登录','登录成功','2018-09-17 11:50:31','客户端ip：0:0:0:0:0:0:0:1---服务端ip：0:0:0:0:0:0:0:1'),('20180917141003801v9qWq922','admin','登录','登录成功','2018-09-17 14:10:03','客户端ip：0:0:0:0:0:0:0:1---服务端ip：0:0:0:0:0:0:0:1'),('201809171426182664z64P7eA','admin','登录','登录成功','2018-09-17 14:26:18','客户端ip：0:0:0:0:0:0:0:1---服务端ip：0:0:0:0:0:0:0:1'),('20180917145423313WR5G579w','admin','登录','登录成功','2018-09-17 14:54:23','客户端ip：0:0:0:0:0:0:0:1---服务端ip：0:0:0:0:0:0:0:1'),('20180917150025054D04t28IB','admin','登录','登录成功','2018-09-17 15:00:25','客户端ip：0:0:0:0:0:0:0:1---服务端ip：0:0:0:0:0:0:0:1'),('201809171517143332311j7t7','admin','登录','登录成功','2018-09-17 15:17:14','客户端ip：0:0:0:0:0:0:0:1---服务端ip：0:0:0:0:0:0:0:1'),('201809171653391054u364NZk','admin','登录','登录成功','2018-09-17 16:53:39','客户端ip：0:0:0:0:0:0:0:1---服务端ip：0:0:0:0:0:0:0:1'),('201809171653575391698F8Fm','1648925727@qq.com','登录','登录成功','2018-09-17 16:53:57','客户端ip：0:0:0:0:0:0:0:1---服务端ip：0:0:0:0:0:0:0:1'),('20180917165408998BG1S82dn','admin','登录','登录成功','2018-09-17 16:54:08','客户端ip：0:0:0:0:0:0:0:1---服务端ip：0:0:0:0:0:0:0:1'),('20180917165409480J303w2A7','admin','登录','登录成功','2018-09-17 16:54:09','客户端ip：0:0:0:0:0:0:0:1---服务端ip：0:0:0:0:0:0:0:1'),('20180917165409724b4d0g2Jb','admin','登录','登录成功','2018-09-17 16:54:09','客户端ip：0:0:0:0:0:0:0:1---服务端ip：0:0:0:0:0:0:0:1'),('201809171701423051GZ6t1p0','1','登录','登录成功','2018-09-17 17:01:42','客户端ip：0:0:0:0:0:0:0:1---服务端ip：0:0:0:0:0:0:0:1'),('20180917170154066hooy9A44','admin','登录','登录成功','2018-09-17 17:01:54','客户端ip：0:0:0:0:0:0:0:1---服务端ip：0:0:0:0:0:0:0:1'),('201809171701590971p7o0Kl0','admin','登录','登录成功','2018-09-17 17:01:59','客户端ip：0:0:0:0:0:0:0:1---服务端ip：0:0:0:0:0:0:0:1'),('2018091810572050202f1T8MD','admin','注册','注册成功','2018-09-18 10:57:20','客户端ip：0:0:0:0:0:0:0:1---服务端ip：0:0:0:0:0:0:0:1'),('20180918105736572i017080c','zsmzsm','注册','注册成功','2018-09-18 10:57:36','客户端ip：0:0:0:0:0:0:0:1---服务端ip：0:0:0:0:0:0:0:1'),('20180918152652742620C3qQ1','zsmzsm','找回密码','找回密码成功','2018-09-18 15:26:52','客户端ip：0:0:0:0:0:0:0:1---服务端ip：0:0:0:0:0:0:0:1'),('20180918152703282Bc067j0s','zsmzsm','找回密码','找回密码成功','2018-09-18 15:27:03','客户端ip：0:0:0:0:0:0:0:1---服务端ip：0:0:0:0:0:0:0:1'),('20180918165918493KB4T38Hn','zsmzsm','找回密码','找回密码成功','2018-09-18 16:59:18','客户端ip：127.0.0.1---服务端ip：127.0.0.1'),('2018091817002688187xj7zM6','admin','登录','登录成功','2018-09-18 17:00:26','客户端ip：127.0.0.1---服务端ip：127.0.0.1'),('2018091817241148322A201I2','admin','资源管理','保存资源信息','2018-09-18 17:24:11','客户端ip：127.0.0.1---服务端ip：127.0.0.1'),('2018091817252698123FE6kw0','admin','角色管理','角色授权','2018-09-18 17:25:26','客户端ip：127.0.0.1---服务端ip：127.0.0.1'),('20180918172553513z490c50Y','admin','资源管理','修改资源信息','2018-09-18 17:25:53','客户端ip：127.0.0.1---服务端ip：127.0.0.1'),('201809181726145730BE2G463','admin','资源管理','删除资源信息','2018-09-18 17:26:14','客户端ip：127.0.0.1---服务端ip：127.0.0.1'),('201809190949497042qvs352t','lzb','注册','注册成功','2018-09-19 09:49:49','客户端ip：0:0:0:0:0:0:0:1---服务端ip：0:0:0:0:0:0:0:1'),('20180919095050590k1Nc7ycU','lzb','找回密码','找回密码成功','2018-09-19 09:50:50','客户端ip：0:0:0:0:0:0:0:1---服务端ip：0:0:0:0:0:0:0:1'),('20180919095107470744DupM6','admin','登录','登录成功','2018-09-19 09:51:07','客户端ip：0:0:0:0:0:0:0:1---服务端ip：0:0:0:0:0:0:0:1'),('201809190951110323IN04835','admin','登录','登录成功','2018-09-19 09:51:11','客户端ip：0:0:0:0:0:0:0:1---服务端ip：0:0:0:0:0:0:0:1'),('201809191043405362o75s00S','admin','登录','登录成功','2018-09-19 10:43:40','客户端ip：0:0:0:0:0:0:0:1---服务端ip：0:0:0:0:0:0:0:1'),('20180919104620597W4116Mo0','admin','登录','登录成功','2018-09-19 10:46:20','客户端ip：0:0:0:0:0:0:0:1---服务端ip：0:0:0:0:0:0:0:1'),('201809191056197543D8hW980','admin','登录','登录成功','2018-09-19 10:56:19','客户端ip：0:0:0:0:0:0:0:1---服务端ip：0:0:0:0:0:0:0:1'),('20180919112604615ML7m5ah2','admin','登录','登录成功','2018-09-19 11:26:04','客户端ip：0:0:0:0:0:0:0:1---服务端ip：0:0:0:0:0:0:0:1'),('20180919114233276268V5h91','admin','登录','登录成功','2018-09-19 11:42:33','客户端ip：0:0:0:0:0:0:0:1---服务端ip：0:0:0:0:0:0:0:1'),('20180919114545822896eWtS1','admin','登录','登录成功','2018-09-19 11:45:45','客户端ip：0:0:0:0:0:0:0:1---服务端ip：0:0:0:0:0:0:0:1'),('20180919114943639hd63c030','admin','登录','登录成功','2018-09-19 11:49:43','客户端ip：0:0:0:0:0:0:0:1---服务端ip：0:0:0:0:0:0:0:1'),('20180919133501363d81ot725','admin','登录','登录成功','2018-09-19 13:35:01','客户端ip：0:0:0:0:0:0:0:1---服务端ip：0:0:0:0:0:0:0:1'),('20180919134106446g5O1R7D2','admin','登录','登录成功','2018-09-19 13:41:06','客户端ip：0:0:0:0:0:0:0:1---服务端ip：0:0:0:0:0:0:0:1'),('20180919134327735h7nj5j9N','admin','登录','登录成功','2018-09-19 13:43:27','客户端ip：0:0:0:0:0:0:0:1---服务端ip：0:0:0:0:0:0:0:1'),('20180919134916962KT98Uxw1','admin','进货参数管理','添加进货管理参数信息','2018-09-19 13:49:16','客户端ip：0:0:0:0:0:0:0:1---服务端ip：0:0:0:0:0:0:0:1'),('201809191351385055l61tu7V','admin','登录','登录成功','2018-09-19 13:51:38','客户端ip：0:0:0:0:0:0:0:1---服务端ip：0:0:0:0:0:0:0:1'),('2018091914295447086119669','admin','登录','登录成功','2018-09-19 14:29:54','客户端ip：0:0:0:0:0:0:0:1---服务端ip：0:0:0:0:0:0:0:1'),('20180919150327465aoT95w2a','admin','登录','登录成功','2018-09-19 15:03:27','客户端ip：0:0:0:0:0:0:0:1---服务端ip：0:0:0:0:0:0:0:1'),('20180919150414078905U4UC8','admin','进货参数管理','添加进货管理参数信息','2018-09-19 15:04:14','客户端ip：0:0:0:0:0:0:0:1---服务端ip：0:0:0:0:0:0:0:1'),('201809191504308605BUIQPD7','admin','进货管理','进货管理信息修改','2018-09-19 15:04:30','客户端ip：0:0:0:0:0:0:0:1---服务端ip：0:0:0:0:0:0:0:1'),('201809191504423628s246568','admin','进货管理','进货管理信息修改','2018-09-19 15:04:42','客户端ip：0:0:0:0:0:0:0:1---服务端ip：0:0:0:0:0:0:0:1'),('20180919172333132Kxo7S9iG','admin','登录','登录成功','2018-09-19 17:23:33','客户端ip：0:0:0:0:0:0:0:1---服务端ip：0:0:0:0:0:0:0:1'),('2018091917382758428x1DL45','admin','进货管理','进货管理信息修改','2018-09-19 17:38:27','客户端ip：0:0:0:0:0:0:0:1---服务端ip：0:0:0:0:0:0:0:1'),('201809201124456113zlcag39','admin','登录','登录成功','2018-09-20 11:24:45','客户端ip：0:0:0:0:0:0:0:1---服务端ip：0:0:0:0:0:0:0:1'),('201809201126253948k7A5415','admin','个人中心','修改信息成功','2018-09-20 11:26:25','客户端ip：0:0:0:0:0:0:0:1---服务端ip：0:0:0:0:0:0:0:1'),('20180920112707501g29N272M','admin','用户管理','停用或启用用户信息','2018-09-20 11:27:07','客户端ip：0:0:0:0:0:0:0:1---服务端ip：0:0:0:0:0:0:0:1'),('20180920112727867SptTe86y','admin','用户管理','停用或启用用户信息','2018-09-20 11:27:27','客户端ip：0:0:0:0:0:0:0:1---服务端ip：0:0:0:0:0:0:0:1'),('20180920112744774p9FbDq9c','admin','用户管理','修改用户信息','2018-09-20 11:27:44','客户端ip：0:0:0:0:0:0:0:1---服务端ip：0:0:0:0:0:0:0:1'),('2018092011280890083l369ug','admin','用户管理','修改用户信息','2018-09-20 11:28:08','客户端ip：0:0:0:0:0:0:0:1---服务端ip：0:0:0:0:0:0:0:1'),('20180920112823260n1486S0i','admin','登录','退出系统','2018-09-20 11:28:23','客户端ip：0:0:0:0:0:0:0:1---服务端ip：0:0:0:0:0:0:0:1'),('201809201128327211Pb18jiE','lzb','登录','登录成功','2018-09-20 11:28:32','客户端ip：0:0:0:0:0:0:0:1---服务端ip：0:0:0:0:0:0:0:1'),('20180920112839027O25k97Mu','lzb','登录','登录成功','2018-09-20 11:28:39','客户端ip：0:0:0:0:0:0:0:1---服务端ip：0:0:0:0:0:0:0:1'),('20180920113605700G7dEk63S','lzb','登录','登录成功','2018-09-20 11:36:05','客户端ip：0:0:0:0:0:0:0:1---服务端ip：0:0:0:0:0:0:0:1'),('20180920114647200n3LPf8D8','lzb','用户管理','修改用户信息','2018-09-20 11:46:47','客户端ip：0:0:0:0:0:0:0:1---服务端ip：0:0:0:0:0:0:0:1'),('20180920114716070QM73qm28','lzb','个人中心','修改密码成功','2018-09-20 11:47:16','客户端ip：0:0:0:0:0:0:0:1---服务端ip：0:0:0:0:0:0:0:1'),('2018092014184255872J622h8','lzb','登录','登录成功','2018-09-20 14:18:42','客户端ip：0:0:0:0:0:0:0:1---服务端ip：0:0:0:0:0:0:0:1'),('20180920151346706694eVx56','lzb','登录','登录成功','2018-09-20 15:13:46','客户端ip：0:0:0:0:0:0:0:1---服务端ip：0:0:0:0:0:0:0:1'),('20180920151349126si6bjB1k','lzb','登录','登录成功','2018-09-20 15:13:49','客户端ip：0:0:0:0:0:0:0:1---服务端ip：0:0:0:0:0:0:0:1'),('201809201513509487OBy13PW','lzb','登录','登录成功','2018-09-20 15:13:50','客户端ip：0:0:0:0:0:0:0:1---服务端ip：0:0:0:0:0:0:0:1'),('20180920151352618P0I2w277','lzb','登录','登录成功','2018-09-20 15:13:52','客户端ip：0:0:0:0:0:0:0:1---服务端ip：0:0:0:0:0:0:0:1'),('2018092015135472607947HaI','lzb','登录','登录成功','2018-09-20 15:13:54','客户端ip：0:0:0:0:0:0:0:1---服务端ip：0:0:0:0:0:0:0:1'),('201809201513592505r62n44L','lzb','登录','登录成功','2018-09-20 15:13:59','客户端ip：0:0:0:0:0:0:0:1---服务端ip：0:0:0:0:0:0:0:1'),('20180920151401776272AYY44','lzb','登录','登录成功','2018-09-20 15:14:01','客户端ip：0:0:0:0:0:0:0:1---服务端ip：0:0:0:0:0:0:0:1'),('20180920155452398gL90758v','admin','登录','登录成功','2018-09-20 15:54:52','客户端ip：0:0:0:0:0:0:0:1---服务端ip：0:0:0:0:0:0:0:1'),('20180920164800738L1HrxLrc','admin','登录','登录成功','2018-09-20 16:48:00','客户端ip：0:0:0:0:0:0:0:1---服务端ip：0:0:0:0:0:0:0:1'),('201809201648031746uBw40Hi','admin','登录','登录成功','2018-09-20 16:48:03','客户端ip：0:0:0:0:0:0:0:1---服务端ip：0:0:0:0:0:0:0:1'),('20181010113610290pk46LgAB','admin','登录','登录成功','2018-10-10 11:36:10','客户端ip：0:0:0:0:0:0:0:1---服务端ip：0:0:0:0:0:0:0:1'),('201810101345112054qNu464S','admin','登录','登录成功','2018-10-10 13:45:11','客户端ip：0:0:0:0:0:0:0:1---服务端ip：0:0:0:0:0:0:0:1'),('20181010134515967968402WV','admin','登录','登录成功','2018-10-10 13:45:15','客户端ip：0:0:0:0:0:0:0:1---服务端ip：0:0:0:0:0:0:0:1'),('201810101350017638rC56k53','admin','登录','退出系统','2018-10-10 13:50:01','客户端ip：0:0:0:0:0:0:0:1---服务端ip：0:0:0:0:0:0:0:1'),('201810171154379962x4pbFn2','admin','登录','登录成功','2018-10-17 11:54:38','客户端ip：0:0:0:0:0:0:0:1---服务端ip：0:0:0:0:0:0:0:1');

UNLOCK TABLES;

/*Table structure for table `t_param` */

DROP TABLE IF EXISTS `t_param`;

CREATE TABLE `t_param` (
  `id` char(32) NOT NULL,
  `param_key` char(128) NOT NULL,
  `param_value` char(255) NOT NULL,
  `create_time` char(32) DEFAULT NULL,
  PRIMARY KEY (`id`),
  UNIQUE KEY `param_key` (`param_key`)
) ENGINE=InnoDB DEFAULT CHARSET=utf8;

/*Data for the table `t_param` */

LOCK TABLES `t_param` WRITE;

insert  into `t_param`(`id`,`param_key`,`param_value`,`create_time`) values ('2016051715260530456RZMv2l','noFilterUrl','/index.jsp;/loginController','2016-05-17 15:26:04'),('20160531172450285Bmu2G0vY','defaultRole','MANAGER_ROLE','2016-05-31 17:24:50'),('201805081708563458eaoL276','YZNZ_CLOUTHES_SIZE_1525770536297','x','2018-05-08 17:08:56'),('20180904175110282vu5j3ZMU','YZNZ_CLOUTHES_SIZE_1536054670274','11','2018-09-04 17:51:10'),('20180906130014234M373T94T','YZNZ_CLOUTHES_SIZE_1536210014230','xl','2018-09-06 13:00:14'),('20180906130019716a4dV0to6','YZNZ_CLOUTHES_SIZE_1536210019709','xl','2018-09-06 13:00:19'),('2018091710442081219mAeW43','YZNZ_CLOUTHES_STYLE_1537152260806','运动衣','2018-09-17 10:44:20'),('20180917104434982vp5f73jy','YZNZ_CLOUTHES_SIZE_1537152274979','休闲','2018-09-17 10:44:34'),('201809171044455817L97sqQA','YZNZ_CLOUTHES_COLOUR_1537152285577','红色','2018-09-17 10:44:45'),('20180917104454720k52wwnG3','YZNZ_CLOUTHES_COLOUR_1537152294715','黄色','2018-09-17 10:44:54'),('201809171045079181K5f2n18','YZNZ_CLOUTHES_CATEGORY_1537152307914','t恤','2018-09-17 10:45:07'),('201809171045197332W9LYd6s','YZNZ_CLOUTHES_CATEGORY_1537152319730','连衣裙','2018-09-17 10:45:19');

UNLOCK TABLES;

/*Table structure for table `t_resource` */

DROP TABLE IF EXISTS `t_resource`;

CREATE TABLE `t_resource` (
  `id` char(32) NOT NULL,
  `resource_name` char(255) DEFAULT NULL,
  `resource_url` char(255) DEFAULT NULL,
  `pid` char(32) DEFAULT '0',
  `remark` char(255) DEFAULT NULL,
  `icons` char(255) DEFAULT NULL,
  `create_time` char(32) DEFAULT NULL,
  `update_time` char(32) DEFAULT NULL,
  PRIMARY KEY (`id`)
) ENGINE=InnoDB DEFAULT CHARSET=utf8;

/*Data for the table `t_resource` */

LOCK TABLES `t_resource` WRITE;

insert  into `t_resource`(`id`,`resource_name`,`resource_url`,`pid`,`remark`,`icons`,`create_time`,`update_time`) values ('20160517153008071G3u6M20O','权限管理','#','0','权限管理一级菜单','glyphicon glyphicon-plus','2016-05-17 15:30:08',NULL),('201605171530191709c8g2O59','系统管理','#','0','系统管理一级菜单','glyphicon glyphicon-plus','2016-05-17 15:30:19','2016-05-18 17:52:57'),('201605171530469947J7iP1TV','资源管理','/resourceController/resourceIndex','20160517153008071G3u6M20O','资源管理二级菜单','glyphicon glyphicon-share-alt','2016-05-17 15:30:46',NULL),('20160517153056336902Xr15B','用户管理','/userController/userIndex','20160517153008071G3u6M20O','用户管理系统二级菜单','glyphicon glyphicon-user','2016-05-17 15:30:56',NULL),('2016051715310481119qnJQ4L','角色管理','/roleController/roleIndex','20160517153008071G3u6M20O','角色管理二级菜单','glyphicon glyphicon-th','2016-05-17 15:31:04',NULL),('201605171531138142nQ01TcV','系统参数','/paramController/paramIndex','201605171530191709c8g2O59','系统参数二级菜单','glyphicon glyphicon-user','2016-05-17 15:31:13','2016-05-17 22:22:57'),('20160517153132190Y3P10v5z','操作日志','/operLogController/operLogIndex','201605171530191709c8g2O59','操作日志','glyphicon glyphicon-th-large','2016-05-17 15:31:32','2016-06-02 13:35:52'),('201605311806487706rIBB65x','个人中心','#','0','个人中心一级菜单','glyphicon glyphicon-user','2016-05-31 18:06:48','2016-05-31 18:07:28'),('2016053118081576383uA4y9J','修改密码','/personInfoController/setPasswordPage','201605311806487706rIBB65x','修改登录密码','glyphicon glyphicon-th-large','2016-05-31 18:08:15','2016-06-15 16:03:29'),('20160531180844264V4M1W57V','个人信息','/personInfoController/setPersonInfoPage','201605311806487706rIBB65x','修改个人信息','glyphicon glyphicon-th-large','2016-05-31 18:08:44','2016-06-15 16:03:19'),('201605311809562776Wj5j141','操作日志','/operLogController/personOperLogIndex','201605311806487706rIBB65x','个人操作日志','glyphicon glyphicon-th-large','2016-05-31 18:09:56','2016-06-15 15:44:17'),('20160602154939829e24ONu26','异常日志','/excepLogController/excepLogIndex','201605171530191709c8g2O59','异常日志','glyphicon glyphicon-th-large','2016-06-02 15:49:39','2016-06-02 17:13:43'),('20160804110253675F4y56A3F','test','/bootstrapController/test01','201605311806487706rIBB65x','','','2016-08-04 11:02:53',NULL),('201804031524092372jQm6VyT','衣服管理','#','0','','glyphicon glyphicon-plus','2018-04-03 15:24:09','2018-04-03 15:26:44'),('20180403152548581Uc5591By','衣服属性','/yznz/colthesProperties/index','201804031524092372jQm6VyT','','glyphicon glyphicon-th-large','2018-04-03 15:25:48','2018-04-03 15:27:19'),('20180406110420888357Vb42T','衣服属性管理模块','/clothesManagerController/clothesIndex','201804031524092372jQm6VyT','','','2018-04-06 11:04:20','2018-04-06 12:16:50'),('201804062328232680M875ze6','进货管理','/purchaseManagerController/purchaseIndex','201804031524092372jQm6VyT','','','2018-04-06 23:28:23',NULL),('20180406232936789341417Bz','售卖管理','/stockManagerController/stockIndex','201804031524092372jQm6VyT','','','2018-04-06 23:29:36','2018-04-06 23:31:55'),('20180406233243898F32Q6pT4','流水明细','/saleManagerController/saleIndex','201804031524092372jQm6VyT','','','2018-04-06 23:32:43',NULL);

UNLOCK TABLES;

/*Table structure for table `t_role` */

DROP TABLE IF EXISTS `t_role`;

CREATE TABLE `t_role` (
  `id` char(32) NOT NULL,
  `role_name` char(255) DEFAULT NULL,
  `remark` char(255) DEFAULT NULL,
  `create_time` char(32) DEFAULT NULL,
  `update_time` char(32) DEFAULT NULL,
  `role_type` char(32) DEFAULT NULL,
  PRIMARY KEY (`id`)
) ENGINE=InnoDB DEFAULT CHARSET=utf8;

/*Data for the table `t_role` */

LOCK TABLES `t_role` WRITE;

insert  into `t_role`(`id`,`role_name`,`remark`,`create_time`,`update_time`,`role_type`) values ('20160517152849015M282DK9p','超级管理员','管理所用的功能模块','2016-05-17 15:28:49','2016-06-01 10:37:35','ADMIN_ROLE'),('20160517152900966VkWF63rF','普通管理员','管理自己所拥有的功能模块','2016-05-17 15:29:00','2016-06-01 10:38:44','MANAGER_ROLE'),('20160517152919681dEW94785','普通用户','主要是普通注册用户所能处理的功能','2016-05-17 15:29:19','2016-06-01 10:37:53','REGISTER_ROLE'),('20160517180042536C4932M6g','会员用户','能处理额外的会员功能','2016-05-17 15:29:12','2016-06-01 10:38:29','MEMBER_ROLE');

UNLOCK TABLES;

/*Table structure for table `t_role_resource` */

DROP TABLE IF EXISTS `t_role_resource`;

CREATE TABLE `t_role_resource` (
  `id` char(32) NOT NULL,
  `resource_id` char(32) DEFAULT NULL,
  `role_id` char(32) DEFAULT NULL,
  PRIMARY KEY (`id`)
) ENGINE=InnoDB DEFAULT CHARSET=utf8;

/*Data for the table `t_role_resource` */

LOCK TABLES `t_role_resource` WRITE;

insert  into `t_role_resource`(`id`,`resource_id`,`role_id`) values ('2016051718005790172vLScG7','20160517153008071G3u6M20O','20160517180042536C4932M6g'),('201605171800579023OnZu7u9','201605171530469947J7iP1TV','20160517180042536C4932M6g'),('20160517180057903D65149ZZ','20160517153056336902Xr15B','20160517180042536C4932M6g'),('2016051718005790409QwcAp7','201605171530191709c8g2O59','20160517180042536C4932M6g'),('20160517180057904p29F7S82','2016051715310481119qnJQ4L','20160517180042536C4932M6g'),('20160517180057905VddC3Kvx','20160517153132190Y3P10v5z','20160517180042536C4932M6g'),('20160531181053478c23X0yXN','20160527155037864IAL2nNe5','20160517152919681dEW94785'),('20160531181053479j9sy67v8','20160527155056957s2fTLy5i','20160517152919681dEW94785'),('201605311810534809btZ0T77','2016052715521136927u7sRuf','20160517152919681dEW94785'),('2016053118105348156j6N5DI','20160527155112228332bt609','20160517152919681dEW94785'),('20160531181053481837Gu9N5','2016052715522471568817F39','20160517152919681dEW94785'),('201605311810534821nV32lc7','201605271552367745D2DiR37','20160517152919681dEW94785'),('201605311810534822U2732sR','2016052715512479776G57qp3','20160517152919681dEW94785'),('201605311810534836zxnDQ1e','20160527155250495T84l9r35','20160517152919681dEW94785'),('20160531181053484O7Kp1hSI','201605311806487706rIBB65x','20160517152919681dEW94785'),('201605311810534854IT9QU8M','2016053118081576383uA4y9J','20160517152919681dEW94785'),('20160531181053486dLo6XS4o','20160531180844264V4M1W57V','20160517152919681dEW94785'),('2016053118105348731n4Z8C2','201605311809562776Wj5j141','20160517152919681dEW94785'),('201607090030502891Hc21n4F','201605171530191709c8g2O59','20160517152900966VkWF63rF'),('201607090030502902Z23Us8B','20160517153132190Y3P10v5z','20160517152900966VkWF63rF'),('20160709003050290AHnu3A6H','201605171531138142nQ01TcV','20160517152900966VkWF63rF'),('2016070900305029128zH1308','20160602154939829e24ONu26','20160517152900966VkWF63rF'),('201607090030502925566VdRo','201605311806487706rIBB65x','20160517152900966VkWF63rF'),('20160709003050293OV92af9Q','2016053118081576383uA4y9J','20160517152900966VkWF63rF'),('20160709003050294T4q154Z4','20160531180844264V4M1W57V','20160517152900966VkWF63rF'),('201607090030502959Zdy138E','201605311809562776Wj5j141','20160517152900966VkWF63rF'),('201809181725268879965WT1A','20160517153008071G3u6M20O','20160517152849015M282DK9p'),('20180918172526892r59zE3R5','201605171530469947J7iP1TV','20160517152849015M282DK9p'),('2018091817252689727pkr73d','20160517153056336902Xr15B','20160517152849015M282DK9p'),('20180918172526901WRX636Qi','2016051715310481119qnJQ4L','20160517152849015M282DK9p'),('20180918172526905u5P71Kb1','201605171530191709c8g2O59','20160517152849015M282DK9p'),('20180918172526910fW026hCI','201605171531138142nQ01TcV','20160517152849015M282DK9p'),('20180918172526914bX8yK8ll','20160517153132190Y3P10v5z','20160517152849015M282DK9p'),('20180918172526918XDf1s7cO','20160602154939829e24ONu26','20160517152849015M282DK9p'),('20180918172526922s83m6A92','201605311806487706rIBB65x','20160517152849015M282DK9p'),('20180918172526927b781Q25L','2016053118081576383uA4y9J','20160517152849015M282DK9p'),('20180918172526931J01N931a','20160531180844264V4M1W57V','20160517152849015M282DK9p'),('201809181725269354w9a3rP5','201605311809562776Wj5j141','20160517152849015M282DK9p'),('20180918172526940sSA6tw64','20160804110253675F4y56A3F','20160517152849015M282DK9p'),('20180918172526944k112jASw','201804031524092372jQm6VyT','20160517152849015M282DK9p'),('20180918172526948m46a4Yq4','20180406110420888357Vb42T','20160517152849015M282DK9p'),('20180918172526955n8N01F58','201804062328232680M875ze6','20160517152849015M282DK9p'),('2018091817252696523r3T9i2','20180406232936789341417Bz','20160517152849015M282DK9p'),('20180918172526969Q3cV5g4g','20180406233243898F32Q6pT4','20160517152849015M282DK9p'),('20180918172526973f57y2X92','20180918172411466D62dT01Q','20160517152849015M282DK9p');

UNLOCK TABLES;

/*Table structure for table `t_security` */

DROP TABLE IF EXISTS `t_security`;

CREATE TABLE `t_security` (
  `id` char(32) NOT NULL,
  `phone` char(11) DEFAULT NULL,
  `security_code` char(16) DEFAULT NULL,
  `type` char(100) DEFAULT NULL,
  `create_time` char(32) DEFAULT NULL,
  `email` char(100) DEFAULT NULL,
  PRIMARY KEY (`id`)
) ENGINE=InnoDB DEFAULT CHARSET=utf8;

/*Data for the table `t_security` */

LOCK TABLES `t_security` WRITE;

insert  into `t_security`(`id`,`phone`,`security_code`,`type`,`create_time`,`email`) values ('20160601113633115HM6A9J4M','13333333333','943959','securityCodePhone','2016-06-01 14:49:54',NULL),('20160601150049105S90PvNlD','13333333331','130298','securityCodePhone','2016-06-01 15:14:40',NULL),('201606011502086768953eKD0','13333333332','345048','securityCodePhone','2016-06-01 15:02:08',NULL),('20160601150218608U9h56V6L','12311111111','219057','securityCodePhone','2016-06-01 15:03:26',NULL),('20160602125846892pp18Xpnn','12341111111','371997','securityCodePhone','2016-06-02 13:00:27',NULL),('20160709002941866384S11Y8','17654354534','646314','securityCodePhone','2016-07-09 00:29:41',NULL),('20160709003139373N1kN2K81','17654354354','234773','securityCodePhone','2016-07-09 00:31:39',NULL),('20180918105706811f321c261','15810669164','574455','securityCodePhone','2018-09-18 16:58:57',NULL),('201809181422244516y70759G','13333333335','745675','securityCodePhone','2018-09-18 15:15:34',NULL),('201809190948585770y787o6p','12345678909','880693','securityCodePhone','2018-09-19 09:50:22',NULL);

UNLOCK TABLES;

/*Table structure for table `t_user` */

DROP TABLE IF EXISTS `t_user`;

CREATE TABLE `t_user` (
  `id` char(32) NOT NULL,
  `name` char(100) NOT NULL,
  `pwd` char(100) DEFAULT NULL,
  `create_time` char(32) DEFAULT NULL,
  `update_time` char(32) DEFAULT NULL,
  `phone` char(11) DEFAULT NULL,
  `email` char(100) DEFAULT NULL,
  `status` char(1) DEFAULT NULL COMMENT '0：停用，1：启用',
  PRIMARY KEY (`id`),
  UNIQUE KEY `NewIndex1` (`name`),
  KEY `NewIndex2` (`phone`)
) ENGINE=InnoDB DEFAULT CHARSET=utf8;

/*Data for the table `t_user` */

LOCK TABLES `t_user` WRITE;

insert  into `t_user`(`id`,`name`,`pwd`,`create_time`,`update_time`,`phone`,`email`,`status`) values ('20160517152713539860D8N4Z','admin','1234567','2016-05-17 15:27:13','2018-09-20 11:26:25','13146214134','13146214134@163.com','1'),('20160531175938575n8M0xy1E','laosan','laosan','2016-05-31 17:59:38',NULL,'11111111111',NULL,'1'),('20160531180432208kGNSji1q','zhangsan','123456','2016-05-31 18:04:32',NULL,'12222222222',NULL,'1'),('20160601124918893nD0zW2Es','1','123','2016-06-01 12:49:18',NULL,'13333333333',NULL,'1'),('201606011500539399Sao4r6s','12345','1234','2016-06-01 15:00:53','2016-06-15 18:16:04','13333333332','','1'),('20160601150340716160695L3','124','123','2016-06-01 15:03:40',NULL,'12311111111',NULL,'1'),('2016060212585293254780YW1','测试切面','1234','2016-06-02 12:58:52',NULL,'12341111111',NULL,'1'),('20160615175441338010b19H5','1234','123456','2016-06-15 17:54:41',NULL,'','','1'),('201607090029502019a4Rh6Qp','盛大开房间','123456','2016-07-09 00:29:50',NULL,'17654354534',NULL,'1'),('201809181057365124vBKLr3n','zsmzsm','q','2018-09-18 10:57:36',NULL,'15810669164',NULL,'1'),('201809190949496501G851a9i','lzb','123456','2018-09-19 09:49:49','2018-09-20 11:46:47','12345678909','','1');

UNLOCK TABLES;

/*Table structure for table `t_user_role` */

DROP TABLE IF EXISTS `t_user_role`;

CREATE TABLE `t_user_role` (
  `id` char(32) NOT NULL,
  `role_id` char(32) DEFAULT NULL,
  `user_id` char(32) DEFAULT NULL,
  PRIMARY KEY (`id`)
) ENGINE=InnoDB DEFAULT CHARSET=utf8;

/*Data for the table `t_user_role` */

LOCK TABLES `t_user_role` WRITE;

insert  into `t_user_role`(`id`,`role_id`,`user_id`) values ('20160517215856292N5jwL64Z','20160517152849015M282DK9p','20160517152713539860D8N4Z'),('20160531175938597Fy4O7071','20160517152919681dEW94785','20160531175938575n8M0xy1E'),('20160531180432276nW05eosm','20160517152919681dEW94785','20160531180432208kGNSji1q'),('20160601124918901Sb74HX21','20160517152919681dEW94785','20160601124918893nD0zW2Es'),('20160601150340720SD83bZqZ','20160517152919681dEW94785','20160601150340716160695L3'),('2016060212585294114619Z45','20160517152919681dEW94785','2016060212585293254780YW1'),('20160615175441338uS49MI3b','20160517152849015M282DK9p','20160615175441338010b19H5'),('20160615181604407d1neTyO6','20160517152919681dEW94785','201606011500539399Sao4r6s'),('201607090029502147777qk87','20160517152919681dEW94785','201607090029502019a4Rh6Qp'),('201809181057365571k4QPak5','20160517152900966VkWF63rF','201809181057365124vBKLr3n'),('20180920114647196S5Ac3YmQ','20160517152849015M282DK9p','201809190949496501G851a9i');

UNLOCK TABLES;

/*Table structure for table `t_yznz_colthes` */

DROP TABLE IF EXISTS `t_yznz_colthes`;

CREATE TABLE `t_yznz_colthes` (
  `id` char(32) NOT NULL COMMENT '主键',
  `name` varchar(32) NOT NULL DEFAULT '' COMMENT '名字',
  `purchase_count` int(10) NOT NULL DEFAULT '0' COMMENT '进货数量',
  `sale_count` int(10) NOT NULL DEFAULT '0' COMMENT '销售数量',
  `purchase_price` varchar(32) NOT NULL DEFAULT '0.0' COMMENT '进货价格',
  `pre_sale_price` varchar(32) NOT NULL DEFAULT '0.0' COMMENT '预售价格',
  `business_type` char(32) NOT NULL DEFAULT '0' COMMENT '品牌类型',
  `style_type` char(32) NOT NULL DEFAULT '0' COMMENT '风格类型',
  `category_type` char(32) NOT NULL DEFAULT '0' COMMENT '种类类型',
  `pic_url` varchar(128) NOT NULL DEFAULT '' COMMENT '衣服图片',
  `business_address` varchar(128) NOT NULL DEFAULT '' COMMENT '商家地址',
  `add_by` varchar(32) NOT NULL DEFAULT '' COMMENT '创建人',
  `add_time` varchar(32) NOT NULL DEFAULT '''1970-01-01 00:00:00''' COMMENT '创建时间',
  `update_by` varchar(32) NOT NULL DEFAULT '' COMMENT '修改人',
  `update_time` varchar(32) NOT NULL DEFAULT '''1970-01-01 00:00:00''' COMMENT '修改时间',
  PRIMARY KEY (`id`)
) ENGINE=InnoDB DEFAULT CHARSET=utf8;

/*Data for the table `t_yznz_colthes` */

LOCK TABLES `t_yznz_colthes` WRITE;

insert  into `t_yznz_colthes`(`id`,`name`,`purchase_count`,`sale_count`,`purchase_price`,`pre_sale_price`,`business_type`,`style_type`,`category_type`,`pic_url`,`business_address`,`add_by`,`add_time`,`update_by`,`update_time`) values ('201809121806290318CESt42z','1',2,3,'4','1','11','11','1','C:\\fakepath\\IMG_20160921_112348.jpg','1','1','2018-09-12 18:06:29','','\'1970-01-01 00:00:00\''),('20180913083300828025S054a','1',1,11,'1','1','11','11','11','C:\\fakepath\\IMG_20160925_191220.jpg','1','1','2018-09-13 08:33:00','','2018-09-13 11:26:57'),('201809131512081866fJR79F4','1',1,1,'1','1','11','11','1','C:\\fakepath\\IMG_20160925_191227.jpg','1','1','2018-09-13 15:12:08','','\'1970-01-01 00:00:00\''),('20180919134916948391Wt67G','33',23,2,'2','2','2','2','23','C:\\fakepath\\11666573_1337334220550_800x600.jpg','2','2','2018-09-19 13:49:16','','2018-09-19 15:04:42'),('201809191504140743Ts27ZC6','22',1,1,'22','22','22','22','22','C:\\fakepath\\11666573_1337334220550_800x600.jpg','22','22','2018-09-19 15:04:14','','2018-09-19 17:38:27');

UNLOCK TABLES;

/*Table structure for table `t_yznz_colthes_property` */

DROP TABLE IF EXISTS `t_yznz_colthes_property`;

CREATE TABLE `t_yznz_colthes_property` (
  `id` char(32) NOT NULL,
  `colthes_id` char(32) NOT NULL,
  `size_type` char(32) NOT NULL DEFAULT '0' COMMENT '大小',
  `colour_type` char(32) NOT NULL DEFAULT '0' COMMENT '颜色',
  `purchase_count` int(10) NOT NULL DEFAULT '0' COMMENT '进货数量',
  `sale_count` int(10) NOT NULL DEFAULT '0' COMMENT '销售数量',
  `add_by` varchar(32) NOT NULL,
  `add_time` varchar(32) NOT NULL,
  `update_by` varchar(32) NOT NULL,
  `update_time` varchar(32) NOT NULL,
  PRIMARY KEY (`id`)
) ENGINE=InnoDB DEFAULT CHARSET=utf8;

/*Data for the table `t_yznz_colthes_property` */

LOCK TABLES `t_yznz_colthes_property` WRITE;

UNLOCK TABLES;

/*Table structure for table `t_yznz_sale` */

DROP TABLE IF EXISTS `t_yznz_sale`;

CREATE TABLE `t_yznz_sale` (
  `id` char(32) NOT NULL,
  `colthes_id` char(32) NOT NULL,
  `colthes_property_id` char(32) NOT NULL,
  `purchase_price` varchar(10) NOT NULL COMMENT '原始进货价格',
  `real_price` varchar(10) NOT NULL COMMENT '真实售卖价格',
  `add_by` varchar(20) NOT NULL,
  `add_time` varchar(20) NOT NULL,
  PRIMARY KEY (`id`)
) ENGINE=InnoDB DEFAULT CHARSET=utf8;

/*Data for the table `t_yznz_sale` */

LOCK TABLES `t_yznz_sale` WRITE;

UNLOCK TABLES;

/*Table structure for table `test` */

DROP TABLE IF EXISTS `test`;

CREATE TABLE `test` (
  `grade` varchar(1) DEFAULT NULL,
  `source` varchar(8) DEFAULT NULL,
  `score` varchar(8) DEFAULT NULL
) ENGINE=InnoDB DEFAULT CHARSET=utf8;

/*Data for the table `test` */

LOCK TABLES `test` WRITE;

insert  into `test`(`grade`,`source`,`score`) values ('1','语文','80'),('2','数学','75'),('3','语文','70'),('4','物理','65');

UNLOCK TABLES;

/*Table structure for table `xx_ad` */

DROP TABLE IF EXISTS `xx_ad`;

CREATE TABLE `xx_ad` (
  `id` bigint(20) NOT NULL AUTO_INCREMENT,
  `create_date` datetime NOT NULL,
  `modify_date` datetime NOT NULL,
  `version` bigint(20) NOT NULL,
  `orders` int(11) DEFAULT NULL,
  `begin_date` datetime DEFAULT NULL,
  `content` longtext,
  `end_date` datetime DEFAULT NULL,
  `path` varchar(255) DEFAULT NULL,
  `title` varchar(255) NOT NULL,
  `type` int(11) NOT NULL,
  `url` varchar(255) DEFAULT NULL,
  `ad_position` bigint(20) NOT NULL,
  PRIMARY KEY (`id`),
  KEY `FK_b6rpo7t29if4p5uuhhjmef8ar` (`ad_position`),
  CONSTRAINT `FK_b6rpo7t29if4p5uuhhjmef8ar` FOREIGN KEY (`ad_position`) REFERENCES `xx_ad_position` (`id`)
) ENGINE=InnoDB DEFAULT CHARSET=utf8;

/*Data for the table `xx_ad` */

LOCK TABLES `xx_ad` WRITE;

UNLOCK TABLES;

/*Table structure for table `xx_ad_position` */

DROP TABLE IF EXISTS `xx_ad_position`;

CREATE TABLE `xx_ad_position` (
  `id` bigint(20) NOT NULL AUTO_INCREMENT,
  `create_date` datetime NOT NULL,
  `modify_date` datetime NOT NULL,
  `version` bigint(20) NOT NULL,
  `description` varchar(255) DEFAULT NULL,
  `height` int(11) NOT NULL,
  `name` varchar(255) NOT NULL,
  `template` longtext NOT NULL,
  `width` int(11) NOT NULL,
  PRIMARY KEY (`id`)
) ENGINE=InnoDB DEFAULT CHARSET=utf8;

/*Data for the table `xx_ad_position` */

LOCK TABLES `xx_ad_position` WRITE;

UNLOCK TABLES;

/*Table structure for table `xx_admin` */

DROP TABLE IF EXISTS `xx_admin`;

CREATE TABLE `xx_admin` (
  `id` bigint(20) NOT NULL AUTO_INCREMENT,
  `create_date` datetime NOT NULL,
  `modify_date` datetime NOT NULL,
  `version` bigint(20) NOT NULL,
  `department` varchar(255) DEFAULT NULL,
  `email` varchar(255) NOT NULL,
  `is_enabled` bit(1) NOT NULL,
  `is_locked` bit(1) NOT NULL,
  `lock_key` varchar(255) NOT NULL,
  `locked_date` datetime DEFAULT NULL,
  `login_date` datetime DEFAULT NULL,
  `login_failure_count` int(11) NOT NULL,
  `login_ip` varchar(255) DEFAULT NULL,
  `name` varchar(255) DEFAULT NULL,
  `password` varchar(255) NOT NULL,
  `username` varchar(255) NOT NULL,
  PRIMARY KEY (`id`),
  UNIQUE KEY `UK_2ham3hjtp01h0368mdr0nqho2` (`username`)
) ENGINE=InnoDB DEFAULT CHARSET=utf8;

/*Data for the table `xx_admin` */

LOCK TABLES `xx_admin` WRITE;

UNLOCK TABLES;

/*Table structure for table `xx_admin_role` */

DROP TABLE IF EXISTS `xx_admin_role`;

CREATE TABLE `xx_admin_role` (
  `admins` bigint(20) NOT NULL,
  `roles` bigint(20) NOT NULL,
  PRIMARY KEY (`admins`,`roles`),
  KEY `FK_tnmnxn1qj47nepsvdrf15vp7q` (`roles`),
  CONSTRAINT `FK_oetmi084waegiyvvr4ah0d94` FOREIGN KEY (`admins`) REFERENCES `xx_admin` (`id`),
  CONSTRAINT `FK_tnmnxn1qj47nepsvdrf15vp7q` FOREIGN KEY (`roles`) REFERENCES `xx_role` (`id`)
) ENGINE=InnoDB DEFAULT CHARSET=utf8;

/*Data for the table `xx_admin_role` */

LOCK TABLES `xx_admin_role` WRITE;

UNLOCK TABLES;

/*Table structure for table `xx_area` */

DROP TABLE IF EXISTS `xx_area`;

CREATE TABLE `xx_area` (
  `id` bigint(20) NOT NULL AUTO_INCREMENT,
  `create_date` datetime NOT NULL,
  `modify_date` datetime NOT NULL,
  `version` bigint(20) NOT NULL,
  `orders` int(11) DEFAULT NULL,
  `full_name` longtext NOT NULL,
  `grade` int(11) NOT NULL,
  `name` varchar(255) NOT NULL,
  `tree_path` varchar(255) NOT NULL,
  `parent` bigint(20) DEFAULT NULL,
  PRIMARY KEY (`id`),
  KEY `FK_4vg8pv6h70lyn4aj1s1snr262` (`parent`),
  CONSTRAINT `FK_4vg8pv6h70lyn4aj1s1snr262` FOREIGN KEY (`parent`) REFERENCES `xx_area` (`id`)
) ENGINE=InnoDB DEFAULT CHARSET=utf8;

/*Data for the table `xx_area` */

LOCK TABLES `xx_area` WRITE;

UNLOCK TABLES;

/*Table structure for table `xx_article` */

DROP TABLE IF EXISTS `xx_article`;

CREATE TABLE `xx_article` (
  `id` bigint(20) NOT NULL AUTO_INCREMENT,
  `create_date` datetime NOT NULL,
  `modify_date` datetime NOT NULL,
  `version` bigint(20) NOT NULL,
  `author` varchar(255) DEFAULT NULL,
  `content` longtext,
  `generate_method` int(11) NOT NULL,
  `hits` bigint(20) NOT NULL,
  `is_publication` bit(1) NOT NULL,
  `is_top` bit(1) NOT NULL,
  `seo_description` varchar(255) DEFAULT NULL,
  `seo_keywords` varchar(255) DEFAULT NULL,
  `seo_title` varchar(255) DEFAULT NULL,
  `title` varchar(255) NOT NULL,
  `article_category` bigint(20) NOT NULL,
  PRIMARY KEY (`id`),
  KEY `FK_ib7uug4k1y20c7oaehyjcr89y` (`article_category`),
  CONSTRAINT `FK_ib7uug4k1y20c7oaehyjcr89y` FOREIGN KEY (`article_category`) REFERENCES `xx_article_category` (`id`)
) ENGINE=InnoDB DEFAULT CHARSET=utf8;

/*Data for the table `xx_article` */

LOCK TABLES `xx_article` WRITE;

UNLOCK TABLES;

/*Table structure for table `xx_article_category` */

DROP TABLE IF EXISTS `xx_article_category`;

CREATE TABLE `xx_article_category` (
  `id` bigint(20) NOT NULL AUTO_INCREMENT,
  `create_date` datetime NOT NULL,
  `modify_date` datetime NOT NULL,
  `version` bigint(20) NOT NULL,
  `orders` int(11) DEFAULT NULL,
  `grade` int(11) NOT NULL,
  `name` varchar(255) NOT NULL,
  `seo_description` varchar(255) DEFAULT NULL,
  `seo_keywords` varchar(255) DEFAULT NULL,
  `seo_title` varchar(255) DEFAULT NULL,
  `tree_path` varchar(255) NOT NULL,
  `parent` bigint(20) DEFAULT NULL,
  PRIMARY KEY (`id`),
  KEY `FK_gvm87lreplnx0jdjw8r73yxk4` (`parent`),
  CONSTRAINT `FK_gvm87lreplnx0jdjw8r73yxk4` FOREIGN KEY (`parent`) REFERENCES `xx_article_category` (`id`)
) ENGINE=InnoDB DEFAULT CHARSET=utf8;

/*Data for the table `xx_article_category` */

LOCK TABLES `xx_article_category` WRITE;

UNLOCK TABLES;

/*Table structure for table `xx_article_tag` */

DROP TABLE IF EXISTS `xx_article_tag`;

CREATE TABLE `xx_article_tag` (
  `articles` bigint(20) NOT NULL,
  `tags` bigint(20) NOT NULL,
  PRIMARY KEY (`articles`,`tags`),
  KEY `FK_447tt9od9see1ef60jrhy4eug` (`tags`),
  CONSTRAINT `FK_447tt9od9see1ef60jrhy4eug` FOREIGN KEY (`tags`) REFERENCES `xx_tag` (`id`),
  CONSTRAINT `FK_crbhbhmg9li8ti8ioptlmyd12` FOREIGN KEY (`articles`) REFERENCES `xx_article` (`id`)
) ENGINE=InnoDB DEFAULT CHARSET=utf8;

/*Data for the table `xx_article_tag` */

LOCK TABLES `xx_article_tag` WRITE;

UNLOCK TABLES;

/*Table structure for table `xx_attribute` */

DROP TABLE IF EXISTS `xx_attribute`;

CREATE TABLE `xx_attribute` (
  `id` bigint(20) NOT NULL AUTO_INCREMENT,
  `create_date` datetime NOT NULL,
  `modify_date` datetime NOT NULL,
  `version` bigint(20) NOT NULL,
  `orders` int(11) DEFAULT NULL,
  `name` varchar(255) NOT NULL,
  `options` longtext NOT NULL,
  `property_index` int(11) NOT NULL,
  `product_category` bigint(20) NOT NULL,
  PRIMARY KEY (`id`),
  KEY `FK_7l923s19vxxkcqrond7w4rdyg` (`product_category`),
  CONSTRAINT `FK_7l923s19vxxkcqrond7w4rdyg` FOREIGN KEY (`product_category`) REFERENCES `xx_product_category` (`id`)
) ENGINE=InnoDB DEFAULT CHARSET=utf8;

/*Data for the table `xx_attribute` */

LOCK TABLES `xx_attribute` WRITE;

UNLOCK TABLES;

/*Table structure for table `xx_brand` */

DROP TABLE IF EXISTS `xx_brand`;

CREATE TABLE `xx_brand` (
  `id` bigint(20) NOT NULL AUTO_INCREMENT,
  `create_date` datetime NOT NULL,
  `modify_date` datetime NOT NULL,
  `version` bigint(20) NOT NULL,
  `orders` int(11) DEFAULT NULL,
  `introduction` longtext,
  `logo` varchar(255) DEFAULT NULL,
  `name` varchar(255) NOT NULL,
  `type` int(11) NOT NULL,
  `url` varchar(255) DEFAULT NULL,
  PRIMARY KEY (`id`)
) ENGINE=InnoDB DEFAULT CHARSET=utf8;

/*Data for the table `xx_brand` */

LOCK TABLES `xx_brand` WRITE;

UNLOCK TABLES;

/*Table structure for table `xx_cart` */

DROP TABLE IF EXISTS `xx_cart`;

CREATE TABLE `xx_cart` (
  `id` bigint(20) NOT NULL AUTO_INCREMENT,
  `create_date` datetime NOT NULL,
  `modify_date` datetime NOT NULL,
  `version` bigint(20) NOT NULL,
  `expire` datetime NOT NULL,
  `cart_key` varchar(255) NOT NULL,
  `member` bigint(20) DEFAULT NULL,
  PRIMARY KEY (`id`),
  UNIQUE KEY `UK_oyu8qmfh13itockuyvqvcyopc` (`cart_key`),
  KEY `FK_raidvg9l3xhuknvc0gxnp6wiu` (`member`),
  CONSTRAINT `FK_raidvg9l3xhuknvc0gxnp6wiu` FOREIGN KEY (`member`) REFERENCES `xx_member` (`id`)
) ENGINE=InnoDB DEFAULT CHARSET=utf8;

/*Data for the table `xx_cart` */

LOCK TABLES `xx_cart` WRITE;

UNLOCK TABLES;

/*Table structure for table `xx_cart_item` */

DROP TABLE IF EXISTS `xx_cart_item`;

CREATE TABLE `xx_cart_item` (
  `id` bigint(20) NOT NULL AUTO_INCREMENT,
  `create_date` datetime NOT NULL,
  `modify_date` datetime NOT NULL,
  `version` bigint(20) NOT NULL,
  `quantity` int(11) NOT NULL,
  `cart` bigint(20) NOT NULL,
  `product` bigint(20) NOT NULL,
  PRIMARY KEY (`id`),
  KEY `FK_5bcxbpxa9r8afh6ipearq9wkc` (`cart`),
  KEY `FK_lyyeifyhrgqyrt9vr5mbu9qpf` (`product`),
  CONSTRAINT `FK_5bcxbpxa9r8afh6ipearq9wkc` FOREIGN KEY (`cart`) REFERENCES `xx_cart` (`id`),
  CONSTRAINT `FK_lyyeifyhrgqyrt9vr5mbu9qpf` FOREIGN KEY (`product`) REFERENCES `xx_product` (`id`)
) ENGINE=InnoDB DEFAULT CHARSET=utf8;

/*Data for the table `xx_cart_item` */

LOCK TABLES `xx_cart_item` WRITE;

UNLOCK TABLES;

/*Table structure for table `xx_consultation` */

DROP TABLE IF EXISTS `xx_consultation`;

CREATE TABLE `xx_consultation` (
  `id` bigint(20) NOT NULL AUTO_INCREMENT,
  `create_date` datetime NOT NULL,
  `modify_date` datetime NOT NULL,
  `version` bigint(20) NOT NULL,
  `content` varchar(255) NOT NULL,
  `ip` varchar(255) NOT NULL,
  `is_show` bit(1) NOT NULL,
  `for_consultation` bigint(20) DEFAULT NULL,
  `goods` bigint(20) NOT NULL,
  `member` bigint(20) DEFAULT NULL,
  PRIMARY KEY (`id`),
  KEY `FK_pwdhihct86rxq8ao21hmfswuf` (`for_consultation`),
  KEY `FK_kjmqq2w29llcj27thb79m6mtv` (`goods`),
  KEY `FK_7ioyfm99s72deb2aqirmvmj4r` (`member`),
  CONSTRAINT `FK_7ioyfm99s72deb2aqirmvmj4r` FOREIGN KEY (`member`) REFERENCES `xx_member` (`id`),
  CONSTRAINT `FK_kjmqq2w29llcj27thb79m6mtv` FOREIGN KEY (`goods`) REFERENCES `xx_goods` (`id`),
  CONSTRAINT `FK_pwdhihct86rxq8ao21hmfswuf` FOREIGN KEY (`for_consultation`) REFERENCES `xx_consultation` (`id`)
) ENGINE=InnoDB DEFAULT CHARSET=utf8;

/*Data for the table `xx_consultation` */

LOCK TABLES `xx_consultation` WRITE;

UNLOCK TABLES;

/*Table structure for table `xx_coupon` */

DROP TABLE IF EXISTS `xx_coupon`;

CREATE TABLE `xx_coupon` (
  `id` bigint(20) NOT NULL AUTO_INCREMENT,
  `create_date` datetime NOT NULL,
  `modify_date` datetime NOT NULL,
  `version` bigint(20) NOT NULL,
  `begin_date` datetime DEFAULT NULL,
  `end_date` datetime DEFAULT NULL,
  `introduction` longtext,
  `is_enabled` bit(1) NOT NULL,
  `is_exchange` bit(1) NOT NULL,
  `maximum_price` decimal(21,6) DEFAULT NULL,
  `maximum_quantity` int(11) DEFAULT NULL,
  `minimum_price` decimal(21,6) DEFAULT NULL,
  `minimum_quantity` int(11) DEFAULT NULL,
  `name` varchar(255) NOT NULL,
  `point` bigint(20) DEFAULT NULL,
  `prefix` varchar(255) NOT NULL,
  `price_expression` varchar(255) DEFAULT NULL,
  PRIMARY KEY (`id`)
) ENGINE=InnoDB DEFAULT CHARSET=utf8;

/*Data for the table `xx_coupon` */

LOCK TABLES `xx_coupon` WRITE;

UNLOCK TABLES;

/*Table structure for table `xx_coupon_code` */

DROP TABLE IF EXISTS `xx_coupon_code`;

CREATE TABLE `xx_coupon_code` (
  `id` bigint(20) NOT NULL AUTO_INCREMENT,
  `create_date` datetime NOT NULL,
  `modify_date` datetime NOT NULL,
  `version` bigint(20) NOT NULL,
  `code` varchar(255) NOT NULL,
  `is_used` bit(1) NOT NULL,
  `used_date` datetime DEFAULT NULL,
  `coupon` bigint(20) NOT NULL,
  `member` bigint(20) DEFAULT NULL,
  PRIMARY KEY (`id`),
  UNIQUE KEY `UK_1mcuaeuha398nlf4d65mns0al` (`code`),
  KEY `FK_k4d5r9mv2pxtiauloscy1pp46` (`coupon`),
  KEY `FK_pgvtd1cw8r2pgexjdfskxtmdy` (`member`),
  CONSTRAINT `FK_k4d5r9mv2pxtiauloscy1pp46` FOREIGN KEY (`coupon`) REFERENCES `xx_coupon` (`id`),
  CONSTRAINT `FK_pgvtd1cw8r2pgexjdfskxtmdy` FOREIGN KEY (`member`) REFERENCES `xx_member` (`id`)
) ENGINE=InnoDB DEFAULT CHARSET=utf8;

/*Data for the table `xx_coupon_code` */

LOCK TABLES `xx_coupon_code` WRITE;

UNLOCK TABLES;

/*Table structure for table `xx_delivery_center` */

DROP TABLE IF EXISTS `xx_delivery_center`;

CREATE TABLE `xx_delivery_center` (
  `id` bigint(20) NOT NULL AUTO_INCREMENT,
  `create_date` datetime NOT NULL,
  `modify_date` datetime NOT NULL,
  `version` bigint(20) NOT NULL,
  `address` varchar(255) NOT NULL,
  `area_name` varchar(255) NOT NULL,
  `contact` varchar(255) NOT NULL,
  `is_default` bit(1) NOT NULL,
  `memo` varchar(255) DEFAULT NULL,
  `mobile` varchar(255) DEFAULT NULL,
  `name` varchar(255) NOT NULL,
  `phone` varchar(255) DEFAULT NULL,
  `zip_code` varchar(255) DEFAULT NULL,
  `area` bigint(20) DEFAULT NULL,
  PRIMARY KEY (`id`),
  KEY `FK_jwyvqd6fxynxlmftd0pb8poxs` (`area`),
  CONSTRAINT `FK_jwyvqd6fxynxlmftd0pb8poxs` FOREIGN KEY (`area`) REFERENCES `xx_area` (`id`)
) ENGINE=InnoDB DEFAULT CHARSET=utf8;

/*Data for the table `xx_delivery_center` */

LOCK TABLES `xx_delivery_center` WRITE;

UNLOCK TABLES;

/*Table structure for table `xx_delivery_corp` */

DROP TABLE IF EXISTS `xx_delivery_corp`;

CREATE TABLE `xx_delivery_corp` (
  `id` bigint(20) NOT NULL AUTO_INCREMENT,
  `create_date` datetime NOT NULL,
  `modify_date` datetime NOT NULL,
  `version` bigint(20) NOT NULL,
  `orders` int(11) DEFAULT NULL,
  `code` varchar(255) DEFAULT NULL,
  `name` varchar(255) NOT NULL,
  `url` varchar(255) DEFAULT NULL,
  PRIMARY KEY (`id`)
) ENGINE=InnoDB DEFAULT CHARSET=utf8;

/*Data for the table `xx_delivery_corp` */

LOCK TABLES `xx_delivery_corp` WRITE;

UNLOCK TABLES;

/*Table structure for table `xx_delivery_template` */

DROP TABLE IF EXISTS `xx_delivery_template`;

CREATE TABLE `xx_delivery_template` (
  `id` bigint(20) NOT NULL AUTO_INCREMENT,
  `create_date` datetime NOT NULL,
  `modify_date` datetime NOT NULL,
  `version` bigint(20) NOT NULL,
  `background` varchar(255) DEFAULT NULL,
  `content` longtext NOT NULL,
  `height` int(11) NOT NULL,
  `is_default` bit(1) NOT NULL,
  `memo` varchar(255) DEFAULT NULL,
  `name` varchar(255) NOT NULL,
  `offsetx` int(11) NOT NULL,
  `offsety` int(11) NOT NULL,
  `width` int(11) NOT NULL,
  PRIMARY KEY (`id`)
) ENGINE=InnoDB DEFAULT CHARSET=utf8;

/*Data for the table `xx_delivery_template` */

LOCK TABLES `xx_delivery_template` WRITE;

UNLOCK TABLES;

/*Table structure for table `xx_deposit_log` */

DROP TABLE IF EXISTS `xx_deposit_log`;

CREATE TABLE `xx_deposit_log` (
  `id` bigint(20) NOT NULL AUTO_INCREMENT,
  `create_date` datetime NOT NULL,
  `modify_date` datetime NOT NULL,
  `version` bigint(20) NOT NULL,
  `balance` decimal(21,6) NOT NULL,
  `credit` decimal(21,6) NOT NULL,
  `debit` decimal(21,6) NOT NULL,
  `memo` varchar(255) DEFAULT NULL,
  `operator` varchar(255) DEFAULT NULL,
  `type` int(11) NOT NULL,
  `member` bigint(20) NOT NULL,
  PRIMARY KEY (`id`),
  KEY `FK_cjm1nc4b96u2b4hq5w527a28n` (`member`),
  CONSTRAINT `FK_cjm1nc4b96u2b4hq5w527a28n` FOREIGN KEY (`member`) REFERENCES `xx_member` (`id`)
) ENGINE=InnoDB DEFAULT CHARSET=utf8;

/*Data for the table `xx_deposit_log` */

LOCK TABLES `xx_deposit_log` WRITE;

UNLOCK TABLES;

/*Table structure for table `xx_freight_config` */

DROP TABLE IF EXISTS `xx_freight_config`;

CREATE TABLE `xx_freight_config` (
  `id` bigint(20) NOT NULL AUTO_INCREMENT,
  `create_date` datetime NOT NULL,
  `modify_date` datetime NOT NULL,
  `version` bigint(20) NOT NULL,
  `continue_price` decimal(21,6) NOT NULL,
  `first_price` decimal(21,6) NOT NULL,
  `area` bigint(20) NOT NULL,
  `shipping_method` bigint(20) NOT NULL,
  PRIMARY KEY (`id`),
  KEY `FK_7acnqvj51o09lnmfdpv5t9rho` (`area`),
  KEY `FK_eye2b70h3xbjgwltb9o6gr3xf` (`shipping_method`),
  CONSTRAINT `FK_7acnqvj51o09lnmfdpv5t9rho` FOREIGN KEY (`area`) REFERENCES `xx_area` (`id`),
  CONSTRAINT `FK_eye2b70h3xbjgwltb9o6gr3xf` FOREIGN KEY (`shipping_method`) REFERENCES `xx_shipping_method` (`id`)
) ENGINE=InnoDB DEFAULT CHARSET=utf8;

/*Data for the table `xx_freight_config` */

LOCK TABLES `xx_freight_config` WRITE;

UNLOCK TABLES;

/*Table structure for table `xx_friend_link` */

DROP TABLE IF EXISTS `xx_friend_link`;

CREATE TABLE `xx_friend_link` (
  `id` bigint(20) NOT NULL AUTO_INCREMENT,
  `create_date` datetime NOT NULL,
  `modify_date` datetime NOT NULL,
  `version` bigint(20) NOT NULL,
  `orders` int(11) DEFAULT NULL,
  `logo` varchar(255) DEFAULT NULL,
  `name` varchar(255) NOT NULL,
  `type` int(11) NOT NULL,
  `url` varchar(255) NOT NULL,
  PRIMARY KEY (`id`)
) ENGINE=InnoDB DEFAULT CHARSET=utf8;

/*Data for the table `xx_friend_link` */

LOCK TABLES `xx_friend_link` WRITE;

UNLOCK TABLES;

/*Table structure for table `xx_goods` */

DROP TABLE IF EXISTS `xx_goods`;

CREATE TABLE `xx_goods` (
  `id` bigint(20) NOT NULL AUTO_INCREMENT,
  `create_date` datetime NOT NULL,
  `modify_date` datetime NOT NULL,
  `version` bigint(20) NOT NULL,
  `attribute_value0` varchar(255) DEFAULT NULL,
  `attribute_value1` varchar(255) DEFAULT NULL,
  `attribute_value10` varchar(255) DEFAULT NULL,
  `attribute_value11` varchar(255) DEFAULT NULL,
  `attribute_value12` varchar(255) DEFAULT NULL,
  `attribute_value13` varchar(255) DEFAULT NULL,
  `attribute_value14` varchar(255) DEFAULT NULL,
  `attribute_value15` varchar(255) DEFAULT NULL,
  `attribute_value16` varchar(255) DEFAULT NULL,
  `attribute_value17` varchar(255) DEFAULT NULL,
  `attribute_value18` varchar(255) DEFAULT NULL,
  `attribute_value19` varchar(255) DEFAULT NULL,
  `attribute_value2` varchar(255) DEFAULT NULL,
  `attribute_value3` varchar(255) DEFAULT NULL,
  `attribute_value4` varchar(255) DEFAULT NULL,
  `attribute_value5` varchar(255) DEFAULT NULL,
  `attribute_value6` varchar(255) DEFAULT NULL,
  `attribute_value7` varchar(255) DEFAULT NULL,
  `attribute_value8` varchar(255) DEFAULT NULL,
  `attribute_value9` varchar(255) DEFAULT NULL,
  `caption` varchar(255) DEFAULT NULL,
  `generate_method` int(11) NOT NULL,
  `hits` bigint(20) NOT NULL,
  `image` varchar(255) DEFAULT NULL,
  `introduction` longtext,
  `is_delivery` bit(1) NOT NULL,
  `is_list` bit(1) NOT NULL,
  `is_marketable` bit(1) NOT NULL,
  `is_top` bit(1) NOT NULL,
  `keyword` varchar(255) DEFAULT NULL,
  `market_price` decimal(21,6) NOT NULL,
  `memo` varchar(255) DEFAULT NULL,
  `month_hits` bigint(20) NOT NULL,
  `month_hits_date` datetime NOT NULL,
  `month_sales` bigint(20) NOT NULL,
  `month_sales_date` datetime NOT NULL,
  `name` varchar(255) NOT NULL,
  `parameter_values` longtext,
  `price` decimal(21,6) NOT NULL,
  `product_images` longtext,
  `sales` bigint(20) NOT NULL,
  `score` float NOT NULL,
  `score_count` bigint(20) NOT NULL,
  `seo_description` varchar(255) DEFAULT NULL,
  `seo_keywords` varchar(255) DEFAULT NULL,
  `seo_title` varchar(255) DEFAULT NULL,
  `sn` varchar(255) NOT NULL,
  `specification_items` longtext,
  `total_score` bigint(20) NOT NULL,
  `type` int(11) NOT NULL,
  `unit` varchar(255) DEFAULT NULL,
  `week_hits` bigint(20) NOT NULL,
  `week_hits_date` datetime NOT NULL,
  `week_sales` bigint(20) NOT NULL,
  `week_sales_date` datetime NOT NULL,
  `weight` int(11) DEFAULT NULL,
  `brand` bigint(20) DEFAULT NULL,
  `product_category` bigint(20) NOT NULL,
  PRIMARY KEY (`id`),
  UNIQUE KEY `UK_b6d81v5r8d6di7xaujg9qcdfn` (`sn`),
  KEY `FK_3st1xfv1drwhrcyib3smiflg1` (`brand`),
  KEY `FK_iuchik074f0oucxu84c1efnrd` (`product_category`),
  CONSTRAINT `FK_3st1xfv1drwhrcyib3smiflg1` FOREIGN KEY (`brand`) REFERENCES `xx_brand` (`id`),
  CONSTRAINT `FK_iuchik074f0oucxu84c1efnrd` FOREIGN KEY (`product_category`) REFERENCES `xx_product_category` (`id`)
) ENGINE=InnoDB DEFAULT CHARSET=utf8;

/*Data for the table `xx_goods` */

LOCK TABLES `xx_goods` WRITE;

UNLOCK TABLES;

/*Table structure for table `xx_goods_promotion` */

DROP TABLE IF EXISTS `xx_goods_promotion`;

CREATE TABLE `xx_goods_promotion` (
  `goods` bigint(20) NOT NULL,
  `promotions` bigint(20) NOT NULL,
  PRIMARY KEY (`goods`,`promotions`),
  KEY `FK_7gtyqyh6i1shphhteeh2lka45` (`promotions`),
  CONSTRAINT `FK_574npkeo9wknhs20me7l394q6` FOREIGN KEY (`goods`) REFERENCES `xx_goods` (`id`),
  CONSTRAINT `FK_7gtyqyh6i1shphhteeh2lka45` FOREIGN KEY (`promotions`) REFERENCES `xx_promotion` (`id`)
) ENGINE=InnoDB DEFAULT CHARSET=utf8;

/*Data for the table `xx_goods_promotion` */

LOCK TABLES `xx_goods_promotion` WRITE;

UNLOCK TABLES;

/*Table structure for table `xx_goods_tag` */

DROP TABLE IF EXISTS `xx_goods_tag`;

CREATE TABLE `xx_goods_tag` (
  `goods` bigint(20) NOT NULL,
  `tags` bigint(20) NOT NULL,
  PRIMARY KEY (`goods`,`tags`),
  KEY `FK_sdgxg0c0fhdgqkr1evmg2yce6` (`tags`),
  CONSTRAINT `FK_p2vjcn9k5vdb4pb7uw2vrc4k2` FOREIGN KEY (`goods`) REFERENCES `xx_goods` (`id`),
  CONSTRAINT `FK_sdgxg0c0fhdgqkr1evmg2yce6` FOREIGN KEY (`tags`) REFERENCES `xx_tag` (`id`)
) ENGINE=InnoDB DEFAULT CHARSET=utf8;

/*Data for the table `xx_goods_tag` */

LOCK TABLES `xx_goods_tag` WRITE;

UNLOCK TABLES;

/*Table structure for table `xx_log` */

DROP TABLE IF EXISTS `xx_log`;

CREATE TABLE `xx_log` (
  `id` bigint(20) NOT NULL AUTO_INCREMENT,
  `create_date` datetime NOT NULL,
  `modify_date` datetime NOT NULL,
  `version` bigint(20) NOT NULL,
  `content` longtext,
  `ip` varchar(255) NOT NULL,
  `operation` varchar(255) NOT NULL,
  `operator` varchar(255) DEFAULT NULL,
  `parameter` longtext,
  PRIMARY KEY (`id`)
) ENGINE=InnoDB DEFAULT CHARSET=utf8;

/*Data for the table `xx_log` */

LOCK TABLES `xx_log` WRITE;

UNLOCK TABLES;

/*Table structure for table `xx_member` */

DROP TABLE IF EXISTS `xx_member`;

CREATE TABLE `xx_member` (
  `id` bigint(20) NOT NULL AUTO_INCREMENT,
  `create_date` datetime NOT NULL,
  `modify_date` datetime NOT NULL,
  `version` bigint(20) NOT NULL,
  `address` varchar(255) DEFAULT NULL,
  `amount` decimal(27,12) NOT NULL,
  `attribute_value0` varchar(255) DEFAULT NULL,
  `attribute_value1` varchar(255) DEFAULT NULL,
  `attribute_value2` varchar(255) DEFAULT NULL,
  `attribute_value3` varchar(255) DEFAULT NULL,
  `attribute_value4` varchar(255) DEFAULT NULL,
  `attribute_value5` varchar(255) DEFAULT NULL,
  `attribute_value6` varchar(255) DEFAULT NULL,
  `attribute_value7` varchar(255) DEFAULT NULL,
  `attribute_value8` varchar(255) DEFAULT NULL,
  `attribute_value9` varchar(255) DEFAULT NULL,
  `balance` decimal(27,12) NOT NULL,
  `birth` datetime DEFAULT NULL,
  `email` varchar(255) DEFAULT NULL,
  `gender` int(11) DEFAULT NULL,
  `is_enabled` bit(1) NOT NULL,
  `is_locked` bit(1) NOT NULL,
  `lock_key` varchar(255) NOT NULL,
  `locked_date` datetime DEFAULT NULL,
  `login_date` datetime DEFAULT NULL,
  `login_failure_count` int(11) NOT NULL,
  `login_ip` varchar(255) DEFAULT NULL,
  `login_plugin_id` varchar(255) DEFAULT NULL,
  `mobile` varchar(255) DEFAULT NULL,
  `name` varchar(255) DEFAULT NULL,
  `nickname` varchar(255) DEFAULT NULL,
  `open_id` varchar(255) DEFAULT NULL,
  `password` varchar(255) NOT NULL,
  `phone` varchar(255) DEFAULT NULL,
  `point` bigint(20) NOT NULL,
  `register_ip` varchar(255) NOT NULL,
  `safe_key_expire` datetime DEFAULT NULL,
  `safe_key_value` varchar(255) DEFAULT NULL,
  `username` varchar(255) NOT NULL,
  `zip_code` varchar(255) DEFAULT NULL,
  `area` bigint(20) DEFAULT NULL,
  `member_rank` bigint(20) NOT NULL,
  PRIMARY KEY (`id`),
  UNIQUE KEY `UK_jl89bhr7i6ei7ca9iyrjn1wa1` (`username`),
  KEY `FK_k2c68n009tdferbqm97o6cdjv` (`area`),
  KEY `FK_7tlsene36k1b3h81wc3i0r0se` (`member_rank`),
  CONSTRAINT `FK_7tlsene36k1b3h81wc3i0r0se` FOREIGN KEY (`member_rank`) REFERENCES `xx_member_rank` (`id`),
  CONSTRAINT `FK_k2c68n009tdferbqm97o6cdjv` FOREIGN KEY (`area`) REFERENCES `xx_area` (`id`)
) ENGINE=InnoDB DEFAULT CHARSET=utf8;

/*Data for the table `xx_member` */

LOCK TABLES `xx_member` WRITE;

UNLOCK TABLES;

/*Table structure for table `xx_member_attribute` */

DROP TABLE IF EXISTS `xx_member_attribute`;

CREATE TABLE `xx_member_attribute` (
  `id` bigint(20) NOT NULL AUTO_INCREMENT,
  `create_date` datetime NOT NULL,
  `modify_date` datetime NOT NULL,
  `version` bigint(20) NOT NULL,
  `orders` int(11) DEFAULT NULL,
  `is_enabled` bit(1) NOT NULL,
  `is_required` bit(1) NOT NULL,
  `name` varchar(255) NOT NULL,
  `options` longtext,
  `pattern` varchar(255) DEFAULT NULL,
  `property_index` int(11) DEFAULT NULL,
  `type` int(11) NOT NULL,
  PRIMARY KEY (`id`)
) ENGINE=InnoDB DEFAULT CHARSET=utf8;

/*Data for the table `xx_member_attribute` */

LOCK TABLES `xx_member_attribute` WRITE;

UNLOCK TABLES;

/*Table structure for table `xx_member_favorite_goods` */

DROP TABLE IF EXISTS `xx_member_favorite_goods`;

CREATE TABLE `xx_member_favorite_goods` (
  `favorite_members` bigint(20) NOT NULL,
  `favorite_goods` bigint(20) NOT NULL,
  PRIMARY KEY (`favorite_members`,`favorite_goods`),
  KEY `FK_e5wwljrd8976fhoud8nnir6cc` (`favorite_goods`),
  CONSTRAINT `FK_e5wwljrd8976fhoud8nnir6cc` FOREIGN KEY (`favorite_goods`) REFERENCES `xx_goods` (`id`),
  CONSTRAINT `FK_gj92nqia23vq1ncrvre3yymym` FOREIGN KEY (`favorite_members`) REFERENCES `xx_member` (`id`)
) ENGINE=InnoDB DEFAULT CHARSET=utf8;

/*Data for the table `xx_member_favorite_goods` */

LOCK TABLES `xx_member_favorite_goods` WRITE;

UNLOCK TABLES;

/*Table structure for table `xx_member_rank` */

DROP TABLE IF EXISTS `xx_member_rank`;

CREATE TABLE `xx_member_rank` (
  `id` bigint(20) NOT NULL AUTO_INCREMENT,
  `create_date` datetime NOT NULL,
  `modify_date` datetime NOT NULL,
  `version` bigint(20) NOT NULL,
  `amount` decimal(21,6) DEFAULT NULL,
  `is_default` bit(1) NOT NULL,
  `is_special` bit(1) NOT NULL,
  `name` varchar(255) NOT NULL,
  `scale` double NOT NULL,
  PRIMARY KEY (`id`),
  UNIQUE KEY `UK_cip42r0g8pnffktx8k0tuemqc` (`name`)
) ENGINE=InnoDB DEFAULT CHARSET=utf8;

/*Data for the table `xx_member_rank` */

LOCK TABLES `xx_member_rank` WRITE;

UNLOCK TABLES;

/*Table structure for table `xx_message` */

DROP TABLE IF EXISTS `xx_message`;

CREATE TABLE `xx_message` (
  `id` bigint(20) NOT NULL AUTO_INCREMENT,
  `create_date` datetime NOT NULL,
  `modify_date` datetime NOT NULL,
  `version` bigint(20) NOT NULL,
  `content` longtext NOT NULL,
  `ip` varchar(255) NOT NULL,
  `is_draft` bit(1) NOT NULL,
  `receiver_delete` bit(1) NOT NULL,
  `receiver_read` bit(1) NOT NULL,
  `sender_delete` bit(1) NOT NULL,
  `sender_read` bit(1) NOT NULL,
  `title` varchar(255) NOT NULL,
  `for_message` bigint(20) DEFAULT NULL,
  `receiver` bigint(20) DEFAULT NULL,
  `sender` bigint(20) DEFAULT NULL,
  PRIMARY KEY (`id`),
  KEY `FK_d67wcfc5oaohdqimh37qumvps` (`for_message`),
  KEY `FK_levgw91aobs5jpini9m1tun6i` (`receiver`),
  KEY `FK_sm7pjwqwnjk1falps4keg3w1f` (`sender`),
  CONSTRAINT `FK_d67wcfc5oaohdqimh37qumvps` FOREIGN KEY (`for_message`) REFERENCES `xx_message` (`id`),
  CONSTRAINT `FK_levgw91aobs5jpini9m1tun6i` FOREIGN KEY (`receiver`) REFERENCES `xx_member` (`id`),
  CONSTRAINT `FK_sm7pjwqwnjk1falps4keg3w1f` FOREIGN KEY (`sender`) REFERENCES `xx_member` (`id`)
) ENGINE=InnoDB DEFAULT CHARSET=utf8;

/*Data for the table `xx_message` */

LOCK TABLES `xx_message` WRITE;

UNLOCK TABLES;

/*Table structure for table `xx_message_config` */

DROP TABLE IF EXISTS `xx_message_config`;

CREATE TABLE `xx_message_config` (
  `id` bigint(20) NOT NULL AUTO_INCREMENT,
  `create_date` datetime NOT NULL,
  `modify_date` datetime NOT NULL,
  `version` bigint(20) NOT NULL,
  `is_mail_enabled` bit(1) NOT NULL,
  `is_sms_enabled` bit(1) NOT NULL,
  `type` int(11) NOT NULL,
  PRIMARY KEY (`id`),
  UNIQUE KEY `UK_pp6xeeusoapmjdi7s8ke6hv4a` (`type`)
) ENGINE=InnoDB DEFAULT CHARSET=utf8;

/*Data for the table `xx_message_config` */

LOCK TABLES `xx_message_config` WRITE;

UNLOCK TABLES;

/*Table structure for table `xx_navigation` */

DROP TABLE IF EXISTS `xx_navigation`;

CREATE TABLE `xx_navigation` (
  `id` bigint(20) NOT NULL AUTO_INCREMENT,
  `create_date` datetime NOT NULL,
  `modify_date` datetime NOT NULL,
  `version` bigint(20) NOT NULL,
  `orders` int(11) DEFAULT NULL,
  `is_blank_target` bit(1) NOT NULL,
  `name` varchar(255) NOT NULL,
  `position` int(11) NOT NULL,
  `url` varchar(255) NOT NULL,
  PRIMARY KEY (`id`)
) ENGINE=InnoDB DEFAULT CHARSET=utf8;

/*Data for the table `xx_navigation` */

LOCK TABLES `xx_navigation` WRITE;

UNLOCK TABLES;

/*Table structure for table `xx_order` */

DROP TABLE IF EXISTS `xx_order`;

CREATE TABLE `xx_order` (
  `id` bigint(20) NOT NULL AUTO_INCREMENT,
  `create_date` datetime NOT NULL,
  `modify_date` datetime NOT NULL,
  `version` bigint(20) NOT NULL,
  `address` varchar(255) DEFAULT NULL,
  `amount` decimal(21,6) NOT NULL,
  `amount_paid` decimal(21,6) NOT NULL,
  `area_name` varchar(255) DEFAULT NULL,
  `complete_date` datetime DEFAULT NULL,
  `consignee` varchar(255) DEFAULT NULL,
  `coupon_discount` decimal(21,6) NOT NULL,
  `exchange_point` bigint(20) NOT NULL,
  `expire` datetime DEFAULT NULL,
  `fee` decimal(21,6) NOT NULL,
  `freight` decimal(21,6) NOT NULL,
  `invoice_content` varchar(255) DEFAULT NULL,
  `invoice_title` varchar(255) DEFAULT NULL,
  `is_allocated_stock` bit(1) NOT NULL,
  `is_exchange_point` bit(1) NOT NULL,
  `is_use_coupon_code` bit(1) NOT NULL,
  `lock_expire` datetime DEFAULT NULL,
  `lock_key` varchar(255) DEFAULT NULL,
  `memo` varchar(255) DEFAULT NULL,
  `offset_amount` decimal(21,6) NOT NULL,
  `payment_method_name` varchar(255) DEFAULT NULL,
  `payment_method_type` int(11) DEFAULT NULL,
  `phone` varchar(255) DEFAULT NULL,
  `price` decimal(21,6) NOT NULL,
  `promotion_discount` decimal(21,6) NOT NULL,
  `promotion_names` longtext,
  `quantity` int(11) NOT NULL,
  `refund_amount` decimal(21,6) NOT NULL,
  `returned_quantity` int(11) NOT NULL,
  `reward_point` bigint(20) NOT NULL,
  `shipped_quantity` int(11) NOT NULL,
  `shipping_method_name` varchar(255) DEFAULT NULL,
  `sn` varchar(255) NOT NULL,
  `status` int(11) NOT NULL,
  `tax` decimal(21,6) NOT NULL,
  `type` int(11) NOT NULL,
  `weight` int(11) NOT NULL,
  `zip_code` varchar(255) DEFAULT NULL,
  `area` bigint(20) DEFAULT NULL,
  `coupon_code` bigint(20) DEFAULT NULL,
  `member` bigint(20) NOT NULL,
  `payment_method` bigint(20) DEFAULT NULL,
  `shipping_method` bigint(20) DEFAULT NULL,
  PRIMARY KEY (`id`),
  UNIQUE KEY `UK_bnbwtjn9jio10ekfbaoeap0ma` (`sn`),
  KEY `FK_cpvbmbaxpu4708olw3o0va72s` (`area`),
  KEY `FK_fggvjyaiwejycjuhoejp5o5o9` (`coupon_code`),
  KEY `FK_795pyvrwxp7stq23wgs9lugni` (`member`),
  KEY `FK_iuhcqdpqmeyl8rbdc215be1yp` (`payment_method`),
  KEY `FK_9tic8j8a5jkh2bdhno2od6otk` (`shipping_method`),
  CONSTRAINT `FK_795pyvrwxp7stq23wgs9lugni` FOREIGN KEY (`member`) REFERENCES `xx_member` (`id`),
  CONSTRAINT `FK_9tic8j8a5jkh2bdhno2od6otk` FOREIGN KEY (`shipping_method`) REFERENCES `xx_shipping_method` (`id`),
  CONSTRAINT `FK_cpvbmbaxpu4708olw3o0va72s` FOREIGN KEY (`area`) REFERENCES `xx_area` (`id`),
  CONSTRAINT `FK_fggvjyaiwejycjuhoejp5o5o9` FOREIGN KEY (`coupon_code`) REFERENCES `xx_coupon_code` (`id`),
  CONSTRAINT `FK_iuhcqdpqmeyl8rbdc215be1yp` FOREIGN KEY (`payment_method`) REFERENCES `xx_payment_method` (`id`)
) ENGINE=InnoDB DEFAULT CHARSET=utf8;

/*Data for the table `xx_order` */

LOCK TABLES `xx_order` WRITE;

UNLOCK TABLES;

/*Table structure for table `xx_order_coupon` */

DROP TABLE IF EXISTS `xx_order_coupon`;

CREATE TABLE `xx_order_coupon` (
  `orders` bigint(20) NOT NULL,
  `coupons` bigint(20) NOT NULL,
  KEY `FK_fawq3b02de9slwtls0vnxaer1` (`coupons`),
  KEY `FK_j5df7fb451pkpitq4iy8qftbm` (`orders`),
  CONSTRAINT `FK_fawq3b02de9slwtls0vnxaer1` FOREIGN KEY (`coupons`) REFERENCES `xx_coupon` (`id`),
  CONSTRAINT `FK_j5df7fb451pkpitq4iy8qftbm` FOREIGN KEY (`orders`) REFERENCES `xx_order` (`id`)
) ENGINE=InnoDB DEFAULT CHARSET=utf8;

/*Data for the table `xx_order_coupon` */

LOCK TABLES `xx_order_coupon` WRITE;

UNLOCK TABLES;

/*Table structure for table `xx_order_item` */

DROP TABLE IF EXISTS `xx_order_item`;

CREATE TABLE `xx_order_item` (
  `id` bigint(20) NOT NULL AUTO_INCREMENT,
  `create_date` datetime NOT NULL,
  `modify_date` datetime NOT NULL,
  `version` bigint(20) NOT NULL,
  `is_delivery` bit(1) NOT NULL,
  `name` varchar(255) NOT NULL,
  `price` decimal(21,6) NOT NULL,
  `quantity` int(11) NOT NULL,
  `returned_quantity` int(11) NOT NULL,
  `shipped_quantity` int(11) NOT NULL,
  `sn` varchar(255) NOT NULL,
  `specifications` longtext,
  `thumbnail` varchar(255) DEFAULT NULL,
  `type` int(11) NOT NULL,
  `weight` int(11) DEFAULT NULL,
  `orders` bigint(20) NOT NULL,
  `product` bigint(20) DEFAULT NULL,
  PRIMARY KEY (`id`),
  KEY `FK_fk2xe0pkga8fh3lr3t2exu5ml` (`orders`),
  KEY `FK_el9tainn6k158tttgdxk37bma` (`product`),
  CONSTRAINT `FK_el9tainn6k158tttgdxk37bma` FOREIGN KEY (`product`) REFERENCES `xx_product` (`id`),
  CONSTRAINT `FK_fk2xe0pkga8fh3lr3t2exu5ml` FOREIGN KEY (`orders`) REFERENCES `xx_order` (`id`)
) ENGINE=InnoDB DEFAULT CHARSET=utf8;

/*Data for the table `xx_order_item` */

LOCK TABLES `xx_order_item` WRITE;

UNLOCK TABLES;

/*Table structure for table `xx_order_log` */

DROP TABLE IF EXISTS `xx_order_log`;

CREATE TABLE `xx_order_log` (
  `id` bigint(20) NOT NULL AUTO_INCREMENT,
  `create_date` datetime NOT NULL,
  `modify_date` datetime NOT NULL,
  `version` bigint(20) NOT NULL,
  `content` varchar(255) DEFAULT NULL,
  `operator` varchar(255) DEFAULT NULL,
  `type` int(11) NOT NULL,
  `orders` bigint(20) NOT NULL,
  PRIMARY KEY (`id`),
  KEY `FK_8ihsq9dx9mmhg567xckij19b` (`orders`),
  CONSTRAINT `FK_8ihsq9dx9mmhg567xckij19b` FOREIGN KEY (`orders`) REFERENCES `xx_order` (`id`)
) ENGINE=InnoDB DEFAULT CHARSET=utf8;

/*Data for the table `xx_order_log` */

LOCK TABLES `xx_order_log` WRITE;

UNLOCK TABLES;

/*Table structure for table `xx_parameter` */

DROP TABLE IF EXISTS `xx_parameter`;

CREATE TABLE `xx_parameter` (
  `id` bigint(20) NOT NULL AUTO_INCREMENT,
  `create_date` datetime NOT NULL,
  `modify_date` datetime NOT NULL,
  `version` bigint(20) NOT NULL,
  `orders` int(11) DEFAULT NULL,
  `parameter_group` varchar(255) NOT NULL,
  `names` longtext NOT NULL,
  `product_category` bigint(20) NOT NULL,
  PRIMARY KEY (`id`),
  KEY `FK_gfhphjom07pej1vfm3329fhgi` (`product_category`),
  CONSTRAINT `FK_gfhphjom07pej1vfm3329fhgi` FOREIGN KEY (`product_category`) REFERENCES `xx_product_category` (`id`)
) ENGINE=InnoDB DEFAULT CHARSET=utf8;

/*Data for the table `xx_parameter` */

LOCK TABLES `xx_parameter` WRITE;

UNLOCK TABLES;

/*Table structure for table `xx_payment` */

DROP TABLE IF EXISTS `xx_payment`;

CREATE TABLE `xx_payment` (
  `id` bigint(20) NOT NULL AUTO_INCREMENT,
  `create_date` datetime NOT NULL,
  `modify_date` datetime NOT NULL,
  `version` bigint(20) NOT NULL,
  `account` varchar(255) DEFAULT NULL,
  `amount` decimal(21,6) NOT NULL,
  `bank` varchar(255) DEFAULT NULL,
  `fee` decimal(21,6) NOT NULL,
  `memo` varchar(255) DEFAULT NULL,
  `method` int(11) NOT NULL,
  `operator` varchar(255) DEFAULT NULL,
  `payer` varchar(255) DEFAULT NULL,
  `payment_method` varchar(255) DEFAULT NULL,
  `sn` varchar(255) NOT NULL,
  `orders` bigint(20) NOT NULL,
  PRIMARY KEY (`id`),
  UNIQUE KEY `UK_5ouqv77qys78hc16bh76kumvu` (`sn`),
  KEY `FK_a4ww05bcas9vvdko2o0hjdtl5` (`orders`),
  CONSTRAINT `FK_a4ww05bcas9vvdko2o0hjdtl5` FOREIGN KEY (`orders`) REFERENCES `xx_order` (`id`)
) ENGINE=InnoDB DEFAULT CHARSET=utf8;

/*Data for the table `xx_payment` */

LOCK TABLES `xx_payment` WRITE;

UNLOCK TABLES;

/*Table structure for table `xx_payment_log` */

DROP TABLE IF EXISTS `xx_payment_log`;

CREATE TABLE `xx_payment_log` (
  `id` bigint(20) NOT NULL AUTO_INCREMENT,
  `create_date` datetime NOT NULL,
  `modify_date` datetime NOT NULL,
  `version` bigint(20) NOT NULL,
  `amount` decimal(21,6) NOT NULL,
  `fee` decimal(21,6) NOT NULL,
  `payment_plugin_id` varchar(255) DEFAULT NULL,
  `payment_plugin_name` varchar(255) DEFAULT NULL,
  `sn` varchar(255) NOT NULL,
  `status` int(11) NOT NULL,
  `type` int(11) NOT NULL,
  `member` bigint(20) DEFAULT NULL,
  `orders` bigint(20) DEFAULT NULL,
  PRIMARY KEY (`id`),
  UNIQUE KEY `UK_3yqrpf8q5ojs0a4p42s1vcuh5` (`sn`),
  KEY `FK_pabuwpo72ml3e4mnjjtb1ixxr` (`member`),
  KEY `FK_lwb4hw130fm8xonkbrd0ek7v5` (`orders`),
  CONSTRAINT `FK_lwb4hw130fm8xonkbrd0ek7v5` FOREIGN KEY (`orders`) REFERENCES `xx_order` (`id`),
  CONSTRAINT `FK_pabuwpo72ml3e4mnjjtb1ixxr` FOREIGN KEY (`member`) REFERENCES `xx_member` (`id`)
) ENGINE=InnoDB DEFAULT CHARSET=utf8;

/*Data for the table `xx_payment_log` */

LOCK TABLES `xx_payment_log` WRITE;

UNLOCK TABLES;

/*Table structure for table `xx_payment_method` */

DROP TABLE IF EXISTS `xx_payment_method`;

CREATE TABLE `xx_payment_method` (
  `id` bigint(20) NOT NULL AUTO_INCREMENT,
  `create_date` datetime NOT NULL,
  `modify_date` datetime NOT NULL,
  `version` bigint(20) NOT NULL,
  `orders` int(11) DEFAULT NULL,
  `content` longtext,
  `description` varchar(255) DEFAULT NULL,
  `icon` varchar(255) DEFAULT NULL,
  `method` int(11) NOT NULL,
  `name` varchar(255) NOT NULL,
  `timeout` int(11) DEFAULT NULL,
  `type` int(11) NOT NULL,
  PRIMARY KEY (`id`)
) ENGINE=InnoDB DEFAULT CHARSET=utf8;

/*Data for the table `xx_payment_method` */

LOCK TABLES `xx_payment_method` WRITE;

UNLOCK TABLES;

/*Table structure for table `xx_plugin_config` */

DROP TABLE IF EXISTS `xx_plugin_config`;

CREATE TABLE `xx_plugin_config` (
  `id` bigint(20) NOT NULL AUTO_INCREMENT,
  `create_date` datetime NOT NULL,
  `modify_date` datetime NOT NULL,
  `version` bigint(20) NOT NULL,
  `orders` int(11) DEFAULT NULL,
  `attributes` longtext,
  `is_enabled` bit(1) NOT NULL,
  `plugin_id` varchar(255) NOT NULL,
  PRIMARY KEY (`id`),
  UNIQUE KEY `UK_f9dd3nyr1v9nkod36dwc1erfm` (`plugin_id`)
) ENGINE=InnoDB DEFAULT CHARSET=utf8;

/*Data for the table `xx_plugin_config` */

LOCK TABLES `xx_plugin_config` WRITE;

UNLOCK TABLES;

/*Table structure for table `xx_point_log` */

DROP TABLE IF EXISTS `xx_point_log`;

CREATE TABLE `xx_point_log` (
  `id` bigint(20) NOT NULL AUTO_INCREMENT,
  `create_date` datetime NOT NULL,
  `modify_date` datetime NOT NULL,
  `version` bigint(20) NOT NULL,
  `balance` bigint(20) NOT NULL,
  `credit` bigint(20) NOT NULL,
  `debit` bigint(20) NOT NULL,
  `memo` varchar(255) DEFAULT NULL,
  `operator` varchar(255) DEFAULT NULL,
  `type` int(11) NOT NULL,
  `member` bigint(20) NOT NULL,
  PRIMARY KEY (`id`),
  KEY `FK_feai9380203m96o9wqqg1kuol` (`member`),
  CONSTRAINT `FK_feai9380203m96o9wqqg1kuol` FOREIGN KEY (`member`) REFERENCES `xx_member` (`id`)
) ENGINE=InnoDB DEFAULT CHARSET=utf8;

/*Data for the table `xx_point_log` */

LOCK TABLES `xx_point_log` WRITE;

UNLOCK TABLES;

/*Table structure for table `xx_product` */

DROP TABLE IF EXISTS `xx_product`;

CREATE TABLE `xx_product` (
  `id` bigint(20) NOT NULL AUTO_INCREMENT,
  `create_date` datetime NOT NULL,
  `modify_date` datetime NOT NULL,
  `version` bigint(20) NOT NULL,
  `allocated_stock` int(11) NOT NULL,
  `cost` decimal(21,6) DEFAULT NULL,
  `exchange_point` bigint(20) NOT NULL,
  `is_default` bit(1) NOT NULL,
  `market_price` decimal(21,6) NOT NULL,
  `price` decimal(21,6) NOT NULL,
  `reward_point` bigint(20) NOT NULL,
  `sn` varchar(255) NOT NULL,
  `specification_values` longtext,
  `stock` int(11) NOT NULL,
  `goods` bigint(20) NOT NULL,
  PRIMARY KEY (`id`),
  UNIQUE KEY `UK_8na2ijq48sxr79dwdxkdctfne` (`sn`),
  KEY `FK_jid7g8m15tjes67mk7p8c6ms0` (`goods`),
  CONSTRAINT `FK_jid7g8m15tjes67mk7p8c6ms0` FOREIGN KEY (`goods`) REFERENCES `xx_goods` (`id`)
) ENGINE=InnoDB DEFAULT CHARSET=utf8;

/*Data for the table `xx_product` */

LOCK TABLES `xx_product` WRITE;

UNLOCK TABLES;

/*Table structure for table `xx_product_category` */

DROP TABLE IF EXISTS `xx_product_category`;

CREATE TABLE `xx_product_category` (
  `id` bigint(20) NOT NULL AUTO_INCREMENT,
  `create_date` datetime NOT NULL,
  `modify_date` datetime NOT NULL,
  `version` bigint(20) NOT NULL,
  `orders` int(11) DEFAULT NULL,
  `grade` int(11) NOT NULL,
  `name` varchar(255) NOT NULL,
  `seo_description` varchar(255) DEFAULT NULL,
  `seo_keywords` varchar(255) DEFAULT NULL,
  `seo_title` varchar(255) DEFAULT NULL,
  `tree_path` varchar(255) NOT NULL,
  `parent` bigint(20) DEFAULT NULL,
  PRIMARY KEY (`id`),
  KEY `FK_6fxsl9og443djcksf0aj2phqr` (`parent`),
  CONSTRAINT `FK_6fxsl9og443djcksf0aj2phqr` FOREIGN KEY (`parent`) REFERENCES `xx_product_category` (`id`)
) ENGINE=InnoDB DEFAULT CHARSET=utf8;

/*Data for the table `xx_product_category` */

LOCK TABLES `xx_product_category` WRITE;

UNLOCK TABLES;

/*Table structure for table `xx_product_category_brand` */

DROP TABLE IF EXISTS `xx_product_category_brand`;

CREATE TABLE `xx_product_category_brand` (
  `product_categories` bigint(20) NOT NULL,
  `brands` bigint(20) NOT NULL,
  PRIMARY KEY (`product_categories`,`brands`),
  KEY `FK_c3kmpmvjugwxq60ihvjb36b2q` (`brands`),
  CONSTRAINT `FK_c3kmpmvjugwxq60ihvjb36b2q` FOREIGN KEY (`brands`) REFERENCES `xx_brand` (`id`),
  CONSTRAINT `FK_pvcpq9l5m6cow5lpagl1nn6qt` FOREIGN KEY (`product_categories`) REFERENCES `xx_product_category` (`id`)
) ENGINE=InnoDB DEFAULT CHARSET=utf8;

/*Data for the table `xx_product_category_brand` */

LOCK TABLES `xx_product_category_brand` WRITE;

UNLOCK TABLES;

/*Table structure for table `xx_product_category_promotion` */

DROP TABLE IF EXISTS `xx_product_category_promotion`;

CREATE TABLE `xx_product_category_promotion` (
  `product_categories` bigint(20) NOT NULL,
  `promotions` bigint(20) NOT NULL,
  PRIMARY KEY (`product_categories`,`promotions`),
  KEY `FK_foosrjsx23wl7ahbbw2o6oqyb` (`promotions`),
  CONSTRAINT `FK_eaovfhhrumjvqm7yhv07elsby` FOREIGN KEY (`product_categories`) REFERENCES `xx_product_category` (`id`),
  CONSTRAINT `FK_foosrjsx23wl7ahbbw2o6oqyb` FOREIGN KEY (`promotions`) REFERENCES `xx_promotion` (`id`)
) ENGINE=InnoDB DEFAULT CHARSET=utf8;

/*Data for the table `xx_product_category_promotion` */

LOCK TABLES `xx_product_category_promotion` WRITE;

UNLOCK TABLES;

/*Table structure for table `xx_product_notify` */

DROP TABLE IF EXISTS `xx_product_notify`;

CREATE TABLE `xx_product_notify` (
  `id` bigint(20) NOT NULL AUTO_INCREMENT,
  `create_date` datetime NOT NULL,
  `modify_date` datetime NOT NULL,
  `version` bigint(20) NOT NULL,
  `email` varchar(255) NOT NULL,
  `has_sent` bit(1) NOT NULL,
  `member` bigint(20) DEFAULT NULL,
  `product` bigint(20) NOT NULL,
  PRIMARY KEY (`id`),
  KEY `FK_j65ua5tdsrbg0dyy5vq6uoxkt` (`member`),
  KEY `FK_oxpqgmbkiysnq39ud2405h9i5` (`product`),
  CONSTRAINT `FK_j65ua5tdsrbg0dyy5vq6uoxkt` FOREIGN KEY (`member`) REFERENCES `xx_member` (`id`),
  CONSTRAINT `FK_oxpqgmbkiysnq39ud2405h9i5` FOREIGN KEY (`product`) REFERENCES `xx_product` (`id`)
) ENGINE=InnoDB DEFAULT CHARSET=utf8;

/*Data for the table `xx_product_notify` */

LOCK TABLES `xx_product_notify` WRITE;

UNLOCK TABLES;

/*Table structure for table `xx_promotion` */

DROP TABLE IF EXISTS `xx_promotion`;

CREATE TABLE `xx_promotion` (
  `id` bigint(20) NOT NULL AUTO_INCREMENT,
  `create_date` datetime NOT NULL,
  `modify_date` datetime NOT NULL,
  `version` bigint(20) NOT NULL,
  `orders` int(11) DEFAULT NULL,
  `begin_date` datetime DEFAULT NULL,
  `end_date` datetime DEFAULT NULL,
  `image` varchar(255) DEFAULT NULL,
  `introduction` longtext,
  `is_coupon_allowed` bit(1) NOT NULL,
  `is_free_shipping` bit(1) NOT NULL,
  `maximum_price` decimal(21,6) DEFAULT NULL,
  `maximum_quantity` int(11) DEFAULT NULL,
  `minimum_price` decimal(21,6) DEFAULT NULL,
  `minimum_quantity` int(11) DEFAULT NULL,
  `name` varchar(255) NOT NULL,
  `point_expression` varchar(255) DEFAULT NULL,
  `price_expression` varchar(255) DEFAULT NULL,
  `title` varchar(255) NOT NULL,
  PRIMARY KEY (`id`)
) ENGINE=InnoDB DEFAULT CHARSET=utf8;

/*Data for the table `xx_promotion` */

LOCK TABLES `xx_promotion` WRITE;

UNLOCK TABLES;

/*Table structure for table `xx_promotion_coupon` */

DROP TABLE IF EXISTS `xx_promotion_coupon`;

CREATE TABLE `xx_promotion_coupon` (
  `promotions` bigint(20) NOT NULL,
  `coupons` bigint(20) NOT NULL,
  PRIMARY KEY (`promotions`,`coupons`),
  KEY `FK_maftx3fi0ifm80dit6ds4le4p` (`coupons`),
  CONSTRAINT `FK_hf3p4yd98gskpw1lv1o4raf9a` FOREIGN KEY (`promotions`) REFERENCES `xx_promotion` (`id`),
  CONSTRAINT `FK_maftx3fi0ifm80dit6ds4le4p` FOREIGN KEY (`coupons`) REFERENCES `xx_coupon` (`id`)
) ENGINE=InnoDB DEFAULT CHARSET=utf8;

/*Data for the table `xx_promotion_coupon` */

LOCK TABLES `xx_promotion_coupon` WRITE;

UNLOCK TABLES;

/*Table structure for table `xx_promotion_gift` */

DROP TABLE IF EXISTS `xx_promotion_gift`;

CREATE TABLE `xx_promotion_gift` (
  `gift_promotions` bigint(20) NOT NULL,
  `gifts` bigint(20) NOT NULL,
  PRIMARY KEY (`gift_promotions`,`gifts`),
  KEY `FK_1p9mxlvosc0o82wextbft5rvo` (`gifts`),
  CONSTRAINT `FK_1p9mxlvosc0o82wextbft5rvo` FOREIGN KEY (`gifts`) REFERENCES `xx_product` (`id`),
  CONSTRAINT `FK_7b6tfhjfxtv5k78ijl6tnm1xx` FOREIGN KEY (`gift_promotions`) REFERENCES `xx_promotion` (`id`)
) ENGINE=InnoDB DEFAULT CHARSET=utf8;

/*Data for the table `xx_promotion_gift` */

LOCK TABLES `xx_promotion_gift` WRITE;

UNLOCK TABLES;

/*Table structure for table `xx_promotion_member_rank` */

DROP TABLE IF EXISTS `xx_promotion_member_rank`;

CREATE TABLE `xx_promotion_member_rank` (
  `promotions` bigint(20) NOT NULL,
  `member_ranks` bigint(20) NOT NULL,
  PRIMARY KEY (`promotions`,`member_ranks`),
  KEY `FK_2cq3pns5yrd0k30p47923oydr` (`member_ranks`),
  CONSTRAINT `FK_2cq3pns5yrd0k30p47923oydr` FOREIGN KEY (`member_ranks`) REFERENCES `xx_member_rank` (`id`),
  CONSTRAINT `FK_8kwtw93yv7085avfr7f52dnwp` FOREIGN KEY (`promotions`) REFERENCES `xx_promotion` (`id`)
) ENGINE=InnoDB DEFAULT CHARSET=utf8;

/*Data for the table `xx_promotion_member_rank` */

LOCK TABLES `xx_promotion_member_rank` WRITE;

UNLOCK TABLES;

/*Table structure for table `xx_receiver` */

DROP TABLE IF EXISTS `xx_receiver`;

CREATE TABLE `xx_receiver` (
  `id` bigint(20) NOT NULL AUTO_INCREMENT,
  `create_date` datetime NOT NULL,
  `modify_date` datetime NOT NULL,
  `version` bigint(20) NOT NULL,
  `address` varchar(255) NOT NULL,
  `area_name` varchar(255) NOT NULL,
  `consignee` varchar(255) NOT NULL,
  `is_default` bit(1) NOT NULL,
  `phone` varchar(255) NOT NULL,
  `zip_code` varchar(255) NOT NULL,
  `area` bigint(20) NOT NULL,
  `member` bigint(20) NOT NULL,
  PRIMARY KEY (`id`),
  KEY `FK_3gjo3tsn0uy3fgd3vmogllh2i` (`area`),
  KEY `FK_h5vqvk6qn89akyxutdmitsnvj` (`member`),
  CONSTRAINT `FK_3gjo3tsn0uy3fgd3vmogllh2i` FOREIGN KEY (`area`) REFERENCES `xx_area` (`id`),
  CONSTRAINT `FK_h5vqvk6qn89akyxutdmitsnvj` FOREIGN KEY (`member`) REFERENCES `xx_member` (`id`)
) ENGINE=InnoDB DEFAULT CHARSET=utf8;

/*Data for the table `xx_receiver` */

LOCK TABLES `xx_receiver` WRITE;

UNLOCK TABLES;

/*Table structure for table `xx_refunds` */

DROP TABLE IF EXISTS `xx_refunds`;

CREATE TABLE `xx_refunds` (
  `id` bigint(20) NOT NULL AUTO_INCREMENT,
  `create_date` datetime NOT NULL,
  `modify_date` datetime NOT NULL,
  `version` bigint(20) NOT NULL,
  `account` varchar(255) DEFAULT NULL,
  `amount` decimal(21,6) NOT NULL,
  `bank` varchar(255) DEFAULT NULL,
  `memo` varchar(255) DEFAULT NULL,
  `method` int(11) NOT NULL,
  `operator` varchar(255) NOT NULL,
  `payee` varchar(255) DEFAULT NULL,
  `payment_method` varchar(255) DEFAULT NULL,
  `sn` varchar(255) NOT NULL,
  `orders` bigint(20) NOT NULL,
  PRIMARY KEY (`id`),
  UNIQUE KEY `UK_8rgj1s5vxmbm178st0gt7of5j` (`sn`),
  KEY `FK_bm0ov832f8wmhucm413if37dq` (`orders`),
  CONSTRAINT `FK_bm0ov832f8wmhucm413if37dq` FOREIGN KEY (`orders`) REFERENCES `xx_order` (`id`)
) ENGINE=InnoDB DEFAULT CHARSET=utf8;

/*Data for the table `xx_refunds` */

LOCK TABLES `xx_refunds` WRITE;

UNLOCK TABLES;

/*Table structure for table `xx_returns` */

DROP TABLE IF EXISTS `xx_returns`;

CREATE TABLE `xx_returns` (
  `id` bigint(20) NOT NULL AUTO_INCREMENT,
  `create_date` datetime NOT NULL,
  `modify_date` datetime NOT NULL,
  `version` bigint(20) NOT NULL,
  `address` varchar(255) DEFAULT NULL,
  `area` varchar(255) DEFAULT NULL,
  `delivery_corp` varchar(255) DEFAULT NULL,
  `freight` decimal(21,6) DEFAULT NULL,
  `memo` varchar(255) DEFAULT NULL,
  `operator` varchar(255) NOT NULL,
  `phone` varchar(255) DEFAULT NULL,
  `shipper` varchar(255) DEFAULT NULL,
  `shipping_method` varchar(255) DEFAULT NULL,
  `sn` varchar(255) NOT NULL,
  `tracking_no` varchar(255) DEFAULT NULL,
  `zip_code` varchar(255) DEFAULT NULL,
  `orders` bigint(20) NOT NULL,
  PRIMARY KEY (`id`),
  UNIQUE KEY `UK_bjwidfg7orwpl03vfyg89gbk8` (`sn`),
  KEY `FK_7c53sxsa645ve3yvtfya9kybc` (`orders`),
  CONSTRAINT `FK_7c53sxsa645ve3yvtfya9kybc` FOREIGN KEY (`orders`) REFERENCES `xx_order` (`id`)
) ENGINE=InnoDB DEFAULT CHARSET=utf8;

/*Data for the table `xx_returns` */

LOCK TABLES `xx_returns` WRITE;

UNLOCK TABLES;

/*Table structure for table `xx_returns_item` */

DROP TABLE IF EXISTS `xx_returns_item`;

CREATE TABLE `xx_returns_item` (
  `id` bigint(20) NOT NULL AUTO_INCREMENT,
  `create_date` datetime NOT NULL,
  `modify_date` datetime NOT NULL,
  `version` bigint(20) NOT NULL,
  `name` varchar(255) NOT NULL,
  `quantity` int(11) NOT NULL,
  `sn` varchar(255) NOT NULL,
  `specifications` longtext,
  `returns` bigint(20) NOT NULL,
  PRIMARY KEY (`id`),
  KEY `FK_a1qjlkwq4n109k4kcqfellcmn` (`returns`),
  CONSTRAINT `FK_a1qjlkwq4n109k4kcqfellcmn` FOREIGN KEY (`returns`) REFERENCES `xx_returns` (`id`)
) ENGINE=InnoDB DEFAULT CHARSET=utf8;

/*Data for the table `xx_returns_item` */

LOCK TABLES `xx_returns_item` WRITE;

UNLOCK TABLES;

/*Table structure for table `xx_review` */

DROP TABLE IF EXISTS `xx_review`;

CREATE TABLE `xx_review` (
  `id` bigint(20) NOT NULL AUTO_INCREMENT,
  `create_date` datetime NOT NULL,
  `modify_date` datetime NOT NULL,
  `version` bigint(20) NOT NULL,
  `content` varchar(255) NOT NULL,
  `ip` varchar(255) NOT NULL,
  `is_show` bit(1) NOT NULL,
  `score` int(11) NOT NULL,
  `goods` bigint(20) NOT NULL,
  `member` bigint(20) DEFAULT NULL,
  PRIMARY KEY (`id`),
  KEY `FK_5t2shcjqtb7vqurukjkqo4red` (`goods`),
  KEY `FK_9fnp6vrgppecp22ptqir31auk` (`member`),
  CONSTRAINT `FK_5t2shcjqtb7vqurukjkqo4red` FOREIGN KEY (`goods`) REFERENCES `xx_goods` (`id`),
  CONSTRAINT `FK_9fnp6vrgppecp22ptqir31auk` FOREIGN KEY (`member`) REFERENCES `xx_member` (`id`)
) ENGINE=InnoDB DEFAULT CHARSET=utf8;

/*Data for the table `xx_review` */

LOCK TABLES `xx_review` WRITE;

UNLOCK TABLES;

/*Table structure for table `xx_role` */

DROP TABLE IF EXISTS `xx_role`;

CREATE TABLE `xx_role` (
  `id` bigint(20) NOT NULL AUTO_INCREMENT,
  `create_date` datetime NOT NULL,
  `modify_date` datetime NOT NULL,
  `version` bigint(20) NOT NULL,
  `authorities` longtext NOT NULL,
  `description` varchar(255) DEFAULT NULL,
  `is_system` bit(1) NOT NULL,
  `name` varchar(255) NOT NULL,
  PRIMARY KEY (`id`)
) ENGINE=InnoDB DEFAULT CHARSET=utf8;

/*Data for the table `xx_role` */

LOCK TABLES `xx_role` WRITE;

UNLOCK TABLES;

/*Table structure for table `xx_seo` */

DROP TABLE IF EXISTS `xx_seo`;

CREATE TABLE `xx_seo` (
  `id` bigint(20) NOT NULL AUTO_INCREMENT,
  `create_date` datetime NOT NULL,
  `modify_date` datetime NOT NULL,
  `version` bigint(20) NOT NULL,
  `description` varchar(255) DEFAULT NULL,
  `keywords` varchar(255) DEFAULT NULL,
  `title` varchar(255) DEFAULT NULL,
  `type` int(11) NOT NULL,
  PRIMARY KEY (`id`),
  UNIQUE KEY `UK_j0ushjtruh188rap8tsxneoj5` (`type`)
) ENGINE=InnoDB DEFAULT CHARSET=utf8;

/*Data for the table `xx_seo` */

LOCK TABLES `xx_seo` WRITE;

UNLOCK TABLES;

/*Table structure for table `xx_shipping` */

DROP TABLE IF EXISTS `xx_shipping`;

CREATE TABLE `xx_shipping` (
  `id` bigint(20) NOT NULL AUTO_INCREMENT,
  `create_date` datetime NOT NULL,
  `modify_date` datetime NOT NULL,
  `version` bigint(20) NOT NULL,
  `address` varchar(255) DEFAULT NULL,
  `area` varchar(255) DEFAULT NULL,
  `consignee` varchar(255) DEFAULT NULL,
  `delivery_corp` varchar(255) DEFAULT NULL,
  `delivery_corp_code` varchar(255) DEFAULT NULL,
  `delivery_corp_url` varchar(255) DEFAULT NULL,
  `freight` decimal(21,6) DEFAULT NULL,
  `memo` varchar(255) DEFAULT NULL,
  `operator` varchar(255) NOT NULL,
  `phone` varchar(255) DEFAULT NULL,
  `shipping_method` varchar(255) DEFAULT NULL,
  `sn` varchar(255) NOT NULL,
  `tracking_no` varchar(255) DEFAULT NULL,
  `zip_code` varchar(255) DEFAULT NULL,
  `orders` bigint(20) NOT NULL,
  PRIMARY KEY (`id`),
  UNIQUE KEY `UK_hsywl79eb1skdkp6u2losq4ot` (`sn`),
  KEY `FK_ogwxrd7ij8hh4v74aykm4ernd` (`orders`),
  CONSTRAINT `FK_ogwxrd7ij8hh4v74aykm4ernd` FOREIGN KEY (`orders`) REFERENCES `xx_order` (`id`)
) ENGINE=InnoDB DEFAULT CHARSET=utf8;

/*Data for the table `xx_shipping` */

LOCK TABLES `xx_shipping` WRITE;

UNLOCK TABLES;

/*Table structure for table `xx_shipping_item` */

DROP TABLE IF EXISTS `xx_shipping_item`;

CREATE TABLE `xx_shipping_item` (
  `id` bigint(20) NOT NULL AUTO_INCREMENT,
  `create_date` datetime NOT NULL,
  `modify_date` datetime NOT NULL,
  `version` bigint(20) NOT NULL,
  `is_delivery` bit(1) NOT NULL,
  `name` varchar(255) NOT NULL,
  `quantity` int(11) NOT NULL,
  `sn` varchar(255) NOT NULL,
  `specifications` longtext,
  `product` bigint(20) DEFAULT NULL,
  `shipping` bigint(20) NOT NULL,
  PRIMARY KEY (`id`),
  KEY `FK_jabmv4m5ut889jehevotn76hv` (`product`),
  KEY `FK_ohava6yb8quv07f0e57yby58h` (`shipping`),
  CONSTRAINT `FK_jabmv4m5ut889jehevotn76hv` FOREIGN KEY (`product`) REFERENCES `xx_product` (`id`),
  CONSTRAINT `FK_ohava6yb8quv07f0e57yby58h` FOREIGN KEY (`shipping`) REFERENCES `xx_shipping` (`id`)
) ENGINE=InnoDB DEFAULT CHARSET=utf8;

/*Data for the table `xx_shipping_item` */

LOCK TABLES `xx_shipping_item` WRITE;

UNLOCK TABLES;

/*Table structure for table `xx_shipping_method` */

DROP TABLE IF EXISTS `xx_shipping_method`;

CREATE TABLE `xx_shipping_method` (
  `id` bigint(20) NOT NULL AUTO_INCREMENT,
  `create_date` datetime NOT NULL,
  `modify_date` datetime NOT NULL,
  `version` bigint(20) NOT NULL,
  `orders` int(11) DEFAULT NULL,
  `continue_weight` int(11) NOT NULL,
  `default_continue_price` decimal(21,6) NOT NULL,
  `default_first_price` decimal(21,6) NOT NULL,
  `description` varchar(255) DEFAULT NULL,
  `first_weight` int(11) NOT NULL,
  `icon` varchar(255) DEFAULT NULL,
  `name` varchar(255) NOT NULL,
  `default_delivery_corp` bigint(20) DEFAULT NULL,
  PRIMARY KEY (`id`),
  KEY `FK_2a741a8yg0vwf8loqhw6etk4i` (`default_delivery_corp`),
  CONSTRAINT `FK_2a741a8yg0vwf8loqhw6etk4i` FOREIGN KEY (`default_delivery_corp`) REFERENCES `xx_delivery_corp` (`id`)
) ENGINE=InnoDB DEFAULT CHARSET=utf8;

/*Data for the table `xx_shipping_method` */

LOCK TABLES `xx_shipping_method` WRITE;

UNLOCK TABLES;

/*Table structure for table `xx_shipping_payment_method` */

DROP TABLE IF EXISTS `xx_shipping_payment_method`;

CREATE TABLE `xx_shipping_payment_method` (
  `shipping_methods` bigint(20) NOT NULL,
  `payment_methods` bigint(20) NOT NULL,
  PRIMARY KEY (`shipping_methods`,`payment_methods`),
  KEY `FK_86prsml2fv9g162ad0ao3f0q9` (`payment_methods`),
  CONSTRAINT `FK_86prsml2fv9g162ad0ao3f0q9` FOREIGN KEY (`payment_methods`) REFERENCES `xx_payment_method` (`id`),
  CONSTRAINT `FK_njl2q1iiwncifcx0ylunke7gk` FOREIGN KEY (`shipping_methods`) REFERENCES `xx_shipping_method` (`id`)
) ENGINE=InnoDB DEFAULT CHARSET=utf8;

/*Data for the table `xx_shipping_payment_method` */

LOCK TABLES `xx_shipping_payment_method` WRITE;

UNLOCK TABLES;

/*Table structure for table `xx_sn` */

DROP TABLE IF EXISTS `xx_sn`;

CREATE TABLE `xx_sn` (
  `id` bigint(20) NOT NULL AUTO_INCREMENT,
  `create_date` datetime NOT NULL,
  `modify_date` datetime NOT NULL,
  `version` bigint(20) NOT NULL,
  `last_value` bigint(20) NOT NULL,
  `type` int(11) NOT NULL,
  PRIMARY KEY (`id`),
  UNIQUE KEY `UK_pkhxf2tdyvj8rv9ajtvtre5ew` (`type`)
) ENGINE=InnoDB DEFAULT CHARSET=utf8;

/*Data for the table `xx_sn` */

LOCK TABLES `xx_sn` WRITE;

UNLOCK TABLES;

/*Table structure for table `xx_specification` */

DROP TABLE IF EXISTS `xx_specification`;

CREATE TABLE `xx_specification` (
  `id` bigint(20) NOT NULL AUTO_INCREMENT,
  `create_date` datetime NOT NULL,
  `modify_date` datetime NOT NULL,
  `version` bigint(20) NOT NULL,
  `orders` int(11) DEFAULT NULL,
  `name` varchar(255) NOT NULL,
  `options` longtext NOT NULL,
  `product_category` bigint(20) NOT NULL,
  PRIMARY KEY (`id`),
  KEY `FK_gaak948wa3r1q46x7p0mtk3ri` (`product_category`),
  CONSTRAINT `FK_gaak948wa3r1q46x7p0mtk3ri` FOREIGN KEY (`product_category`) REFERENCES `xx_product_category` (`id`)
) ENGINE=InnoDB DEFAULT CHARSET=utf8;

/*Data for the table `xx_specification` */

LOCK TABLES `xx_specification` WRITE;

UNLOCK TABLES;

/*Table structure for table `xx_statistic` */

DROP TABLE IF EXISTS `xx_statistic`;

CREATE TABLE `xx_statistic` (
  `id` bigint(20) NOT NULL AUTO_INCREMENT,
  `create_date` datetime NOT NULL,
  `modify_date` datetime NOT NULL,
  `version` bigint(20) NOT NULL,
  `complete_order_amount` decimal(21,6) NOT NULL,
  `complete_order_count` bigint(20) NOT NULL,
  `create_order_amount` decimal(21,6) NOT NULL,
  `create_order_count` bigint(20) NOT NULL,
  `day` int(11) NOT NULL,
  `month` int(11) NOT NULL,
  `register_member_count` bigint(20) NOT NULL,
  `year` int(11) NOT NULL,
  PRIMARY KEY (`id`)
) ENGINE=InnoDB DEFAULT CHARSET=utf8;

/*Data for the table `xx_statistic` */

LOCK TABLES `xx_statistic` WRITE;

UNLOCK TABLES;

/*Table structure for table `xx_stock_log` */

DROP TABLE IF EXISTS `xx_stock_log`;

CREATE TABLE `xx_stock_log` (
  `id` bigint(20) NOT NULL AUTO_INCREMENT,
  `create_date` datetime NOT NULL,
  `modify_date` datetime NOT NULL,
  `version` bigint(20) NOT NULL,
  `in_quantity` int(11) NOT NULL,
  `memo` varchar(255) DEFAULT NULL,
  `operator` varchar(255) NOT NULL,
  `out_quantity` int(11) NOT NULL,
  `stock` int(11) NOT NULL,
  `type` int(11) NOT NULL,
  `product` bigint(20) NOT NULL,
  PRIMARY KEY (`id`),
  KEY `FK_t9gbgghgkrhk5tspi4vet4jl6` (`product`),
  CONSTRAINT `FK_t9gbgghgkrhk5tspi4vet4jl6` FOREIGN KEY (`product`) REFERENCES `xx_product` (`id`)
) ENGINE=InnoDB DEFAULT CHARSET=utf8;

/*Data for the table `xx_stock_log` */

LOCK TABLES `xx_stock_log` WRITE;

UNLOCK TABLES;

/*Table structure for table `xx_tag` */

DROP TABLE IF EXISTS `xx_tag`;

CREATE TABLE `xx_tag` (
  `id` bigint(20) NOT NULL AUTO_INCREMENT,
  `create_date` datetime NOT NULL,
  `modify_date` datetime NOT NULL,
  `version` bigint(20) NOT NULL,
  `orders` int(11) DEFAULT NULL,
  `icon` varchar(255) DEFAULT NULL,
  `memo` varchar(255) DEFAULT NULL,
  `name` varchar(255) NOT NULL,
  `type` int(11) NOT NULL,
  PRIMARY KEY (`id`)
) ENGINE=InnoDB DEFAULT CHARSET=utf8;

/*Data for the table `xx_tag` */

LOCK TABLES `xx_tag` WRITE;

UNLOCK TABLES;

/*!40101 SET SQL_MODE=@OLD_SQL_MODE */;
/*!40014 SET FOREIGN_KEY_CHECKS=@OLD_FOREIGN_KEY_CHECKS */;
/*!40014 SET UNIQUE_CHECKS=@OLD_UNIQUE_CHECKS */;
/*!40111 SET SQL_NOTES=@OLD_SQL_NOTES */;
